common_territory_id,start_year,end_year,field,population_context,lower_per_1000_baseline,upper_per_1000_baseline,baseline_population_2022
CRT_005,2022,2025,staff_service_hours,declining,-59.9291160992374610675545054236924068306304371173880356567501,-59.9291160992374610675545054236924068306304371173880356567501,9311
CRT_005,2022,2025,total_hours,declining,-327.354741703361615293738588765975727633981312426162603372355,-327.354741703361615293738588765975727633981312426162603372355,9311
CRT_009,2022,2025,staff_service_hours,declining,1.20433560818948213568847852268165395423524688879967884383782,1.20433560818948213568847852268165395423524688879967884383782,2491
CRT_009,2022,2025,total_hours,declining,185.869128863910076274588518667201926936973103171417101565636,185.869128863910076274588518667201926936973103171417101565636,2491
CRT_010,2022,2025,staff_service_hours,declining,-12.0568009288202197017058140573367866392783781370009824060016,-12.0568009288202197017058140573367866392783781370009824060016,11197
CRT_010,2022,2025,total_hours,declining,45.8158435295168348664820934178797892292578369206037331428061,45.8158435295168348664820934178797892292578369206037331428061,11197
CRT_016,2022,2025,staff_service_hours,declining,-4.48151375575750031121623303871529939001618324411801319556828,-4.48151375575750031121623303871529939001618324411801319556828,8033
CRT_016,2022,2025,total_hours,declining,-116.892817129341466450890078426490725756255446284078177517739,-116.892817129341466450890078426490725756255446284078177517739,8033
CRT_018,2022,2025,staff_service_hours,declining,-90.9841138848772436558696100680833505260986177016711367856406,-90.9841138848772436558696100680833505260986177016711367856406,4847
CRT_018,2022,2025,total_hours,declining,657.932741902207551062512894573963276253352589230451825871673,657.932741902207551062512894573963276253352589230451825871673,4847
CRT_019,2022,2025,staff_service_hours,declining,-23.7673830594184576485461441213653603034134007585335018963338,-23.7673830594184576485461441213653603034134007585335018963338,3955
CRT_019,2022,2025,total_hours,declining,372.692793931731984829329962073324905183312262958280657395702,372.692793931731984829329962073324905183312262958280657395702,3955
CRT_020,2022,2025,staff_service_hours,declining,-1.09309528147203497904900710511932956822736381854618327564219,-1.09309528147203497904900710511932956822736381854618327564219,16467
CRT_020,2022,2025,total_hours,declining,147.871500576911398554685127831420416590757272119997570899375,147.871500576911398554685127831420416590757272119997570899375,16467
CRT_046,2022,2025,staff_service_hours,declining,-32.3054331864904552129221732745961820851688693098384728340675,-32.3054331864904552129221732745961820851688693098384728340675,1362
CRT_046,2022,2025,total_hours,declining,657.121879588839941262848751835535976505139500734214390602056,657.121879588839941262848751835535976505139500734214390602056,1362
CRT_047,2022,2025,staff_service_hours,declining,197.316936836221352711011738401341531581889323644494130799329,197.316936836221352711011738401341531581889323644494130799329,1789
CRT_047,2022,2025,total_hours,declining,136.948015651201788708775852431525992174399105645612073784237,136.948015651201788708775852431525992174399105645612073784237,1789
CRT_049,2022,2025,staff_service_hours,nondeclining,-13.3376748381190851204178614218596448716395406755246826326347,-13.3376748381190851204178614218596448716395406755246826326347,297132
CRT_049,2022,2025,total_hours,nondeclining,-10.1808287225879407132183675942005573280562174387141068615969,-10.1808287225879407132183675942005573280562174387141068615969,297132
CRT_050,2022,2025,staff_service_hours,declining,-8.05815888587194534466146973810983620916177629850223351143032,-8.05815888587194534466146973810983620916177629850223351143032,11417
CRT_050,2022,2025,total_hours,declining,108.785144959271262152929841464482788823683980029780152404309,108.785144959271262152929841464482788823683980029780152404309,11417
CRT_051,2022,2025,staff_service_hours,declining,18.4272551960574244696807370902078422969787872294836083136919,18.4272551960574244696807370902078422969787872294836083136919,9334
CRT_051,2022,2025,total_hours,declining,25.3910434968930790657810156417398757231626312406256695950289,25.3910434968930790657810156417398757231626312406256695950289,9334
CRT_052,2022,2025,staff_service_hours,declining,23.7104825291181364392678868552412645590682196339434276206323,23.7104825291181364392678868552412645590682196339434276206323,2404
CRT_052,2022,2025,total_hours,declining,125.207986688851913477537437603993344425956738768718801996672,125.207986688851913477537437603993344425956738768718801996672,2404
CRT_061,2022,2025,staff_service_hours,declining,2.89627707717371628552464852470886381463826706088215772642249,2.89627707717371628552464852470886381463826706088215772642249,16573
CRT_061,2022,2025,total_hours,declining,45.3146684366137693839377300428407650998612200567187594279853,45.3146684366137693839377300428407650998612200567187594279853,16573
CRT_069+626,2022,2025,staff_service_hours,declining,-88.9852116267210606833248342682304946455889852116267210606833,-88.9852116267210606833248342682304946455889852116267210606833,11766
CRT_069+626,2022,2025,total_hours,declining,-79.9762026177120516743158252592214856365799762026177120516743,-79.9762026177120516743158252592214856365799762026177120516743,11766
CRT_071+535,2022,2025,staff_service_hours,declining,-75.5658768887059791874889764242459874184255394203068963489917,-75.5658768887059791874889764242459874184255394203068963489917,17009
CRT_071+535,2022,2025,total_hours,declining,-91.2634487624198953495208419072255864542301134693397613028397,-91.2634487624198953495208419072255864542301134693397613028397,17009
CRT_072,2022,2025,staff_service_hours,declining,105.263157894736842105263157894736842105263157894736842105263,105.263157894736842105263157894736842105263157894736842105263,950
CRT_072,2022,2025,total_hours,declining,467.368421052631578947368421052631578947368421052631578947368,467.368421052631578947368421052631578947368421052631578947368,950
CRT_074,2022,2025,staff_service_hours,declining,-306.555863342566943674976915974145891043397968605724838411819,-306.555863342566943674976915974145891043397968605724838411819,1083
CRT_074,2022,2025,total_hours,declining,162.511542012927054478301015697137580794090489381348107109880,162.511542012927054478301015697137580794090489381348107109880,1083
CRT_075,2022,2025,staff_service_hours,declining,-52.1774439143234189422393665617703786417622576388183940716679,-52.1774439143234189422393665617703786417622576388183940716679,19702
CRT_075,2022,2025,total_hours,declining,-84.1031367373870673028118972693127601258755456298852908334179,-84.1031367373870673028118972693127601258755456298852908334179,19702
CRT_077,2022,2025,staff_service_hours,declining,13.2393764680760196455263719837710869101003630151612214392483,13.2393764680760196455263719837710869101003630151612214392483,4683
CRT_077,2022,2025,total_hours,declining,412.769592141789451206491565235959854793935511424300661968823,412.769592141789451206491565235959854793935511424300661968823,4683
CRT_078,2022,2025,staff_service_hours,declining,-118.561223210928687805489409700463717257801729540042611856122,-118.561223210928687805489409700463717257801729540042611856122,7979
CRT_078,2022,2025,total_hours,declining,88.6075949367088607594936708860759493670886075949367088607595,88.6075949367088607594936708860759493670886075949367088607595,7979
CRT_079,2022,2025,staff_service_hours,declining,-14.4436256448047162859248341930729550478997789240972733971997,-14.4436256448047162859248341930729550478997789240972733971997,6785
CRT_079,2022,2025,total_hours,declining,-15.9174649963154016212232866617538688282977155490051584377303,-15.9174649963154016212232866617538688282977155490051584377303,6785
CRT_081,2022,2025,staff_service_hours,declining,-57.9931323922167111789393361312476154139641358260206028233499,-57.9931323922167111789393361312476154139641358260206028233499,2621
CRT_081,2022,2025,total_hours,declining,-91.9496375429225486455551316291491797024036627241510873712324,-91.9496375429225486455551316291491797024036627241510873712324,2621
CRT_082,2022,2025,staff_service_hours,declining,15.7363104731525784157363104731525784157363104731525784157363,15.7363104731525784157363104731525784157363104731525784157363,9405
CRT_082,2022,2025,total_hours,declining,15.7363104731525784157363104731525784157363104731525784157363,15.7363104731525784157363104731525784157363104731525784157363,9405
CRT_086,2022,2025,staff_service_hours,declining,-12.7717057595480781038929141594007122682058209505096401817512,-12.7717057595480781038929141594007122682058209505096401817512,8143
CRT_086,2022,2025,total_hours,declining,-9.82438904580621392607147243030824020631216996193049244750092,-9.82438904580621392607147243030824020631216996193049244750092,8143
CRT_090,2022,2025,staff_service_hours,declining,-47.5127551020408163265306122448979591836734693877551020408163,-47.5127551020408163265306122448979591836734693877551020408163,3136
CRT_090,2022,2025,total_hours,declining,120.216836734693877551020408163265306122448979591836734693878,120.216836734693877551020408163265306122448979591836734693878,3136
CRT_091,2022,2025,staff_service_hours,nondeclining,5.81511017424068693931418452533726575919156452129751828896952,5.81511017424068693931418452533726575919156452129751828896952,658457
CRT_091,2022,2025,total_hours,nondeclining,19.9344831932836920254473716582859624850218009680206907968174,19.9344831932836920254473716582859624850218009680206907968174,658457
CRT_092+753,2022,2025,staff_service_hours,nondeclining,-0.742168969685840640254632817640667799048187424444138395384780,-0.742168969685840640254632817640667799048187424444138395384780,261396
CRT_092+753,2022,2025,total_hours,nondeclining,4.90061056787403020704218886287471881742643345728320249736033,4.90061056787403020704218886287471881742643345728320249736033,261396
CRT_097+491+507+588+623,2022,2025,staff_service_hours,declining,-23.4253483951044006975757670976763185596003079388521422174740,-23.4253483951044006975757670976763185596003079388521422174740,63649
CRT_097+491+507+588+623,2022,2025,total_hours,declining,46.6307404672500746280381467108674134707536646294521516441735,46.6307404672500746280381467108674134707536646294521516441735,63649
CRT_098+316,2022,2025,staff_service_hours,declining,-13.0235961221876714834461313334552771172489482348637278214743,-13.0235961221876714834461313334552771172489482348637278214743,27335
CRT_098+316,2022,2025,total_hours,declining,93.4333272361441375525882568136089262849826230107920248765319,93.4333272361441375525882568136089262849826230107920248765319,27335
CRT_099+214,2022,2025,staff_service_hours,declining,-64.9976307060495972200284315274048333596588216711419996840941,-64.9976307060495972200284315274048333596588216711419996840941,12662
CRT_099+214,2022,2025,total_hours,declining,520.928763228557889748854841257305323013741904912336123835097,520.928763228557889748854841257305323013741904912336123835097,12662
CRT_102,2022,2025,staff_service_hours,declining,-47.0111448834853090172239108409321175278622087132725430597771,-47.0111448834853090172239108409321175278622087132725430597771,9870
CRT_102,2022,2025,total_hours,declining,201.621073961499493414387031408308004052684903748733535967579,201.621073961499493414387031408308004052684903748733535967579,9870
CRT_103,2022,2025,staff_service_hours,declining,-10.3878116343490304709141274238227146814404432132963988919668,-10.3878116343490304709141274238227146814404432132963988919668,2166
CRT_103,2022,2025,total_hours,declining,541.089566020313942751615881809787626962142197599261311172669,541.089566020313942751615881809787626962142197599261311172669,2166
CRT_105,2022,2025,staff_service_hours,declining,-48.1533426834969611968209443665264142122487143525011687704535,-48.1533426834969611968209443665264142122487143525011687704535,2139
CRT_105,2022,2025,total_hours,declining,294.062646096306685366993922393641888733052828424497428705002,294.062646096306685366993922393641888733052828424497428705002,2139
CRT_106,2022,2025,staff_service_hours,nondeclining,-20.7764505119453924914675767918088737201365187713310580204778,-20.7764505119453924914675767918088737201365187713310580204778,46880
CRT_106,2022,2025,total_hours,nondeclining,-19.1766211604095563139931740614334470989761092150170648464164,-19.1766211604095563139931740614334470989761092150170648464164,46880
CRT_108,2022,2025,staff_service_hours,declining,-52.0460481764535164941472380768114540001934797329979684628035,-52.0460481764535164941472380768114540001934797329979684628035,10337
CRT_108,2022,2025,total_hours,declining,-36.8578891361129921640708135822772564573860888071974460675244,-36.8578891361129921640708135822772564573860888071974460675244,10337
CRT_109,2022,2025,staff_service_hours,nondeclining,9.48934104250342057642229774462638478174515602242132674228715,9.48934104250342057642229774462638478174515602242132674228715,67971
CRT_109,2022,2025,total_hours,nondeclining,292.433537832310838445807770961145194274028629856850715746421,292.433537832310838445807770961145194274028629856850715746421,67971
CRT_111,2022,2025,staff_service_hours,declining,24.8037505451373746184038377671173135630178805058874836458788,24.8037505451373746184038377671173135630178805058874836458788,18344
CRT_111,2022,2025,total_hours,declining,135.902747492368076755342346271260357610117749672917575228958,135.902747492368076755342346271260357610117749672917575228958,18344
CRT_139+564,2022,2025,staff_service_hours,nondeclining,-2.64281450631769364311979695894068704064010789973708552238874,-2.64281450631769364311979695894068704064010789973708552238874,219463
CRT_139+564,2022,2025,total_hours,nondeclining,-18.6409554230098011965570506190109494538942783065938221932626,-18.6409554230098011965570506190109494538942783065938221932626,219463
CRT_140,2022,2025,staff_service_hours,declining,-20.5649394026147533161561217673442122339917931100295829754748,-20.5649394026147533161561217673442122339917931100295829754748,20958
CRT_140,2022,2025,total_hours,declining,-75.4365874606355568279415974806756369882622387632407672487833,-75.4365874606355568279415974806756369882622387632407672487833,20958
CRT_142,2022,2025,staff_service_hours,declining,-90.5625857600243939624942826650404025003811556639731666412563,-90.5625857600243939624942826650404025003811556639731666412563,6559
CRT_142,2022,2025,total_hours,declining,-441.225796615337703918280225644153072114651623723128525689892,-441.225796615337703918280225644153072114651623723128525689892,6559
CRT_143,2022,2025,staff_service_hours,declining,-3.78071833648393194706994328922495274102079395085066162570888,-3.78071833648393194706994328922495274102079395085066162570888,6877
CRT_143,2022,2025,total_hours,declining,20.6485386069507052493819979642285880471135669623382288788716,20.6485386069507052493819979642285880471135669623382288788716,6877
CRT_145,2022,2025,staff_service_hours,nondeclining,-5.01374737182597444606178230632379103994824518841986090894388,-5.01374737182597444606178230632379103994824518841986090894388,12366
CRT_145,2022,2025,total_hours,nondeclining,21.9149280284651463690765000808668930939673297751900371987708,21.9149280284651463690765000808668930939673297751900371987708,12366
CRT_146,2022,2025,staff_service_hours,declining,-16.3687271160887357312082705147533922033168210208916648718501,-16.3687271160887357312082705147533922033168210208916648718501,4643
CRT_146,2022,2025,total_hours,declining,-16.3687271160887357312082705147533922033168210208916648718501,-16.3687271160887357312082705147533922033168210208916648718501,4643
CRT_148,2022,2025,staff_service_hours,nondeclining,-27.5399543378995433789954337899543378995433789954337899543379,-27.5399543378995433789954337899543378995433789954337899543379,7008
CRT_148,2022,2025,total_hours,nondeclining,46.6609589041095890410958904109589041095890410958904109589041,46.6609589041095890410958904109589041095890410958904109589041,7008
CRT_149,2022,2025,staff_service_hours,declining,-145.712684475994769288249579674948626938165514664674014571268,-145.712684475994769288249579674948626938165514664674014571268,5353
CRT_149,2022,2025,total_hours,declining,48.3840836913880067252008219689893517653652157668597048384084,48.3840836913880067252008219689893517653652157668597048384084,5353
CRT_151,2022,2025,staff_service_hours,declining,-114.225277630883130618720253833950290851401374933897408778424,-114.225277630883130618720253833950290851401374933897408778424,1891
CRT_151,2022,2025,total_hours,declining,-17.9799048122686409307244843997884717080909571655208884188260,-17.9799048122686409307244843997884717080909571655208884188260,1891
CRT_152,2022,2025,staff_service_hours,declining,-11.1607142857142857142857142857142857142857142857142857142857,-11.1607142857142857142857142857142857142857142857142857142857,4480
CRT_152,2022,2025,total_hours,declining,-606.473214285714285714285714285714285714285714285714285714286,-606.473214285714285714285714285714285714285714285714285714286,4480
CRT_153,2022,2025,staff_service_hours,declining,-6.00272851296043656207366984993178717598908594815825375170532,-6.00272851296043656207366984993178717598908594815825375170532,25655
CRT_153,2022,2025,total_hours,declining,-18.8267394270122783083219645293315143246930422919508867667121,-18.8267394270122783083219645293315143246930422919508867667121,25655
CRT_165,2022,2025,staff_service_hours,declining,-82.9253365973072215422276621787025703794369645042839657282742,-82.9253365973072215422276621787025703794369645042839657282742,16340
CRT_165,2022,2025,total_hours,declining,59.6083231334149326805385556915544675642594859241126070991432,59.6083231334149326805385556915544675642594859241126070991432,16340
CRT_167+276+309+426+607,2022,2025,staff_service_hours,nondeclining,-28.5709314262845609089801813088340206364949278766682326738703,-28.5709314262845609089801813088340206364949278766682326738703,114942
CRT_167+276+309+426+607,2022,2025,total_hours,nondeclining,32.2510483548224321831880426649962589827913208400758643489760,32.2510483548224321831880426649962589827913208400758643489760,114942
CRT_169,2022,2025,staff_service_hours,declining,-18.8267934998018232263178755449861276258422512881490289338090,-18.8267934998018232263178755449861276258422512881490289338090,5046
CRT_169,2022,2025,total_hours,declining,91.0622275069361870788743559254855330955212049147839873166865,91.0622275069361870788743559254855330955212049147839873166865,5046
CRT_171+178+681,2022,2025,staff_service_hours,declining,-66.3066252438407629506538544902824940394480167617946680153168,-66.3066252438407629506538544902824940394480167617946680153168,13841
CRT_171+178+681,2022,2025,total_hours,declining,-77.4149266671483274329889458854129036919297738602702116899068,-77.4149266671483274329889458854129036919297738602702116899068,13841
CRT_172,2022,2025,staff_service_hours,declining,-131.832043162092423176167018531550551254984752521698334506216,-131.832043162092423176167018531550551254984752521698334506216,4263
CRT_172,2022,2025,total_hours,declining,10.7905231057940417546328876378137461881304245836265540699038,10.7905231057940417546328876378137461881304245836265540699038,4263
CRT_176,2022,2025,staff_service_hours,declining,-2.47524752475247524752475247524752475247524752475247524752475,-2.47524752475247524752475247524752475247524752475247524752475,4444
CRT_176,2022,2025,total_hours,declining,0.225022502250225022502250225022502250225022502250225022502250,0.225022502250225022502250225022502250225022502250225022502250,4444
CRT_177,2022,2025,staff_service_hours,declining,6.71892497200447928331466965285554311310190369540873460246361,6.71892497200447928331466965285554311310190369540873460246361,1786
CRT_177,2022,2025,total_hours,declining,384.658454647256438969764837625979843225083986562150055991041,384.658454647256438969764837625979843225083986562150055991041,1786
CRT_179,2022,2025,staff_service_hours,nondeclining,-8.58291860762910716881354993666636672596263661722259522540544,-8.58291860762910716881354993666636672596263661722259522540544,144473
CRT_179,2022,2025,total_hours,nondeclining,54.1554477307178503941913021810303655354287652364109556803001,54.1554477307178503941913021810303655354287652364109556803001,144473
CRT_181,2022,2025,staff_service_hours,declining,-276.557863501483679525222551928783382789317507418397626112760,-276.557863501483679525222551928783382789317507418397626112760,1685
CRT_181,2022,2025,total_hours,declining,1691.39465875370919881305637982195845697329376854599406528190,1691.39465875370919881305637982195845697329376854599406528190,1685
CRT_182,2022,2025,staff_service_hours,declining,-8.09429857843881216168361410431527292963019173369757676936308,-8.09429857843881216168361410431527292963019173369757676936308,19767
CRT_182,2022,2025,total_hours,declining,133.758284008701370971821723073809885162138918399352456113725,133.758284008701370971821723073809885162138918399352456113725,19767
CRT_186,2022,2025,staff_service_hours,nondeclining,-2.78600804846769557334276743466147791093618714898509706805820,-2.78600804846769557334276743466147791093618714898509706805820,45226
CRT_186,2022,2025,total_hours,nondeclining,20.4970592137266174324503604121523017733162340246760712864282,20.4970592137266174324503604121523017733162340246760712864282,45226
CRT_202,2022,2025,staff_service_hours,nondeclining,-41.9190354114432205538496210947404005972335690340028734822661,-41.9190354114432205538496210947404005972335690340028734822661,35497
CRT_202,2022,2025,total_hours,nondeclining,-66.5690058314787165112544722089190635828379863087021438431417,-66.5690058314787165112544722089190635828379863087021438431417,35497
CRT_204+297+857,2022,2025,staff_service_hours,nondeclining,-3.65311935364246770973875857062828918818693240545679772133722,-3.65311935364246770973875857062828918818693240545679772133722,126741
CRT_204+297+857,2022,2025,total_hours,nondeclining,19.6148049960154961693532479623799717534183886824310996441562,19.6148049960154961693532479623799717534183886824310996441562,126741
CRT_205,2022,2025,staff_service_hours,declining,-33.8969117364974104622804373441481928040994163264187652426493,-33.8969117364974104622804373441481928040994163264187652426493,36493
CRT_205,2022,2025,total_hours,declining,-49.7629682404844764749403995286767325240457073959389471953525,-49.7629682404844764749403995286767325240457073959389471953525,36493
CRT_208,2022,2025,staff_service_hours,declining,-4.73332259104092813406380921688688366097325169191105381888495,-4.73332259104092813406380921688688366097325169191105381888495,12412
CRT_208,2022,2025,total_hours,declining,148.344344183048662584595552690944247502417015791169835642926,148.344344183048662584595552690944247502417015791169835642926,12412
CRT_211,2022,2025,staff_service_hours,nondeclining,-3.52522837349028263135307461222487891606891055116179265526332,-3.52522837349028263135307461222487891606891055116179265526332,32622
CRT_211,2022,2025,total_hours,nondeclining,-13.0280179020293053767396235669180307767764085586414076390166,-13.0280179020293053767396235669180307767764085586414076390166,32622
CRT_213,2022,2025,staff_service_hours,declining,8.22179732313575525812619502868068833652007648183556405353728,8.22179732313575525812619502868068833652007648183556405353728,5230
CRT_213,2022,2025,total_hours,declining,117.590822179732313575525812619502868068833652007648183556405,117.590822179732313575525812619502868068833652007648183556405,5230
CRT_216,2022,2025,staff_service_hours,declining,7.24637681159420289855072463768115942028985507246376811594203,7.24637681159420289855072463768115942028985507246376811594203,1311
CRT_216,2022,2025,total_hours,declining,-1590.19832189168573607932875667429443173150266971777269260107,-1590.19832189168573607932875667429443173150266971777269260107,1311
CRT_217,2022,2025,staff_service_hours,declining,-41.9294990723562152133580705009276437847866419294990723562152,-41.9294990723562152133580705009276437847866419294990723562152,5390
CRT_217,2022,2025,total_hours,declining,431.910946196660482374768089053803339517625231910946196660482,431.910946196660482374768089053803339517625231910946196660482,5390
CRT_218,2022,2025,staff_service_hours,declining,68.7919463087248322147651006711409395973154362416107382550336,68.7919463087248322147651006711409395973154362416107382550336,1192
CRT_218,2022,2025,total_hours,declining,-340.604026845637583892617449664429530201342281879194630872483,-340.604026845637583892617449664429530201342281879194630872483,1192
CRT_224,2022,2025,staff_service_hours,declining,-16.4047263966961110473786853275209361018699093724905357347711,-16.4047263966961110473786853275209361018699093724905357347711,8717
CRT_224,2022,2025,total_hours,declining,-205.231157508317081564758517838705976826889985086612366639899,-205.231157508317081564758517838705976826889985086612366639899,8717
CRT_226,2022,2025,staff_service_hours,declining,1.58982511923688394276629570747217806041335453100158982511924,1.58982511923688394276629570747217806041335453100158982511924,3774
CRT_226,2022,2025,total_hours,declining,-917.329093799682034976152623211446740858505564387917329093800,-917.329093799682034976152623211446740858505564387917329093800,3774
CRT_230,2022,2025,staff_service_hours,declining,-6.55021834061135371179039301310043668122270742358078602620087,-6.55021834061135371179039301310043668122270742358078602620087,2290
CRT_230,2022,2025,total_hours,declining,1928.38427947598253275109170305676855895196506550218340611354,1928.38427947598253275109170305676855895196506550218340611354,2290
CRT_231,2022,2025,staff_service_hours,declining,67.4941815360744763382467028704422032583397982932505818463926,67.4941815360744763382467028704422032583397982932505818463926,1289
CRT_231,2022,2025,total_hours,declining,-75.2521334367726920093095422808378588052754072924747866563227,-75.2521334367726920093095422808378588052754072924747866563227,1289
CRT_232,2022,2025,staff_service_hours,declining,-39.5655546935608999224204809930178432893716058960434445306439,-39.5655546935608999224204809930178432893716058960434445306439,12890
CRT_232,2022,2025,total_hours,declining,-267.882079131109387121799844840961986035686578743211792086889,-267.882079131109387121799844840961986035686578743211792086889,12890
CRT_233,2022,2025,staff_service_hours,declining,-96.1990595611285266457680250783699059561128526645768025078370,-96.1990595611285266457680250783699059561128526645768025078370,15312
CRT_233,2022,2025,total_hours,declining,-13.1269592476489028213166144200626959247648902821316614420063,-13.1269592476489028213166144200626959247648902821316614420063,15312
CRT_235,2022,2025,staff_service_hours,nondeclining,-11.5429011158137745286648711042708734128510965756060023085802,-11.5429011158137745286648711042708734128510965756060023085802,10396
CRT_235,2022,2025,total_hours,nondeclining,13.8514813389765294343978453251250480954213158907272027702963,13.8514813389765294343978453251250480954213158907272027702963,10396
CRT_236,2022,2025,staff_service_hours,declining,8.17445185891325071496663489037178265014299332697807435653003,8.17445185891325071496663489037178265014299332697807435653003,4196
CRT_236,2022,2025,total_hours,declining,-9.59246901811248808388941849380362249761677788369876072449952,-9.59246901811248808388941849380362249761677788369876072449952,4196
CRT_239,2022,2025,staff_service_hours,declining,-32.4582338902147971360381861575178997613365155131264916467780,-32.4582338902147971360381861575178997613365155131264916467780,2095
CRT_239,2022,2025,total_hours,declining,-205.250596658711217183770883054892601431980906921241050119332,-205.250596658711217183770883054892601431980906921241050119332,2095
CRT_240,2022,2025,staff_service_hours,declining,17.2154939445500950855770193173856470823741367230507456711040,17.2154939445500950855770193173856470823741367230507456711040,19982
CRT_240,2022,2025,total_hours,declining,2.80252227004303873486137523771394254829346411770593534180763,2.80252227004303873486137523771394254829346411770593534180763,19982
CRT_241,2022,2025,staff_service_hours,declining,-4.68117408906882591093117408906882591093117408906882591093117,-4.68117408906882591093117408906882591093117408906882591093117,7904
CRT_241,2022,2025,total_hours,declining,-1.13866396761133603238866396761133603238866396761133603238866,-1.13866396761133603238866396761133603238866396761133603238866,7904
CRT_244,2022,2025,staff_service_hours,nondeclining,28.7717095626700146474157773592801841389412010880937434609751,28.7717095626700146474157773592801841389412010880937434609751,19116
CRT_244,2022,2025,total_hours,nondeclining,55.0847457627118644067796610169491525423728813559322033898305,55.0847457627118644067796610169491525423728813559322033898305,19116
CRT_245,2022,2025,staff_service_hours,nondeclining,-0.644606789858186506231198968629136226901590030081650193382037,-0.644606789858186506231198968629136226901590030081650193382037,37232
CRT_245,2022,2025,total_hours,nondeclining,1.04748603351955307262569832402234636871508379888268156424581,1.04748603351955307262569832402234636871508379888268156424581,37232
CRT_249,2022,2025,staff_service_hours,declining,-47.2307529386847400190617388541776977655406120936143174838505,-47.2307529386847400190617388541776977655406120936143174838505,9443
CRT_249,2022,2025,total_hours,declining,38.5470719051148999258710155670867309117865085248332097850259,38.5470719051148999258710155670867309117865085248332097850259,9443
CRT_250,2022,2025,staff_service_hours,declining,-143.252212389380530973451327433628318584070796460176991150442,-143.252212389380530973451327433628318584070796460176991150442,1808
CRT_250,2022,2025,total_hours,declining,258.849557522123893805309734513274336283185840707964601769912,258.849557522123893805309734513274336283185840707964601769912,1808
CRT_256,2022,2025,staff_service_hours,declining,-94.8766603415559772296015180265654648956356736242884250474383,-94.8766603415559772296015180265654648956356736242884250474383,1581
CRT_256,2022,2025,total_hours,declining,-709.044908285895003162555344718532574320050600885515496521189,-709.044908285895003162555344718532574320050600885515496521189,1581
CRT_257,2022,2025,staff_service_hours,nondeclining,-4.27868325377785472262755669873618084238122325822966388840798,-4.27868325377785472262755669873618084238122325822966388840798,40433
CRT_257,2022,2025,total_hours,nondeclining,-3.75930551777013825340687062547918779214997650434051393663592,-3.75930551777013825340687062547918779214997650434051393663592,40433
CRT_260,2022,2025,staff_service_hours,declining,-61.2027943707603523337045661638149235597853599271033714690696,-61.2027943707603523337045661638149235597853599271033714690696,9877
CRT_260,2022,2025,total_hours,declining,375.569504910397894097397995342715399412777159056393641794067,375.569504910397894097397995342715399412777159056393641794067,9877
CRT_261,2022,2025,staff_service_hours,nondeclining,-87.8430170167101027134753947570136440288210945883795799478767,-87.8430170167101027134753947570136440288210945883795799478767,6523
CRT_261,2022,2025,total_hours,nondeclining,497.470489038785834738617200674536256323777403035413153456998,497.470489038785834738617200674536256323777403035413153456998,6523
CRT_263,2022,2025,staff_service_hours,declining,6.70189457404304678437943033896120634102332774842118829746101,6.70189457404304678437943033896120634102332774842118829746101,7759
CRT_263,2022,2025,total_hours,declining,0.644412939811831421574945224900115994329166129655883490140482,0.644412939811831421574945224900115994329166129655883490140482,7759
CRT_265,2022,2025,staff_service_hours,declining,-71.6911764705882352941176470588235294117647058823529411764706,-71.6911764705882352941176470588235294117647058823529411764706,1088
CRT_265,2022,2025,total_hours,declining,1527.57352941176470588235294117647058823529411764705882352941,1527.57352941176470588235294117647058823529411764705882352941,1088
CRT_271,2022,2025,staff_service_hours,declining,-13.2355056826355920011509135376204862609696446554452596748669,-13.2355056826355920011509135376204862609696446554452596748669,6951
CRT_271,2022,2025,total_hours,declining,251.618472162278808804488562796719896417781614156236512731981,251.618472162278808804488562796719896417781614156236512731981,6951
CRT_272,2022,2025,staff_service_hours,nondeclining,-5.38520945960049260055521926986578722160763113402492224842931,-5.38520945960049260055521926986578722160763113402492224842931,47909
CRT_272,2022,2025,total_hours,nondeclining,74.8919827172347575612097935669707153144503120499279884781565,74.8919827172347575612097935669707153144503120499279884781565,47909
CRT_273,2022,2025,staff_service_hours,nondeclining,-41.1130609175231887691150664326898972173477061920280772123339,-41.1130609175231887691150664326898972173477061920280772123339,3989
CRT_273,2022,2025,total_hours,nondeclining,127.600902481825018801704687891702180997743795437452995738280,127.600902481825018801704687891702180997743795437452995738280,3989
CRT_275,2022,2025,staff_service_hours,declining,-6.57385924207269914926527455529775715390564578499613302397525,-6.57385924207269914926527455529775715390564578499613302397525,2586
CRT_275,2022,2025,total_hours,declining,96.6744006187161639597834493426140757927300850734725444702243,96.6744006187161639597834493426140757927300850734725444702243,2586
CRT_280,2022,2025,staff_service_hours,declining,-36.0975609756097560975609756097560975609756097560975609756098,-36.0975609756097560975609756097560975609756097560975609756098,2050
CRT_280,2022,2025,total_hours,declining,-36.0975609756097560975609756097560975609756097560975609756098,-36.0975609756097560975609756097560975609756097560975609756098,2050
CRT_284,2022,2025,staff_service_hours,declining,-100.396301188903566710700132100396301188903566710700132100396,-100.396301188903566710700132100396301188903566710700132100396,2271
CRT_284,2022,2025,total_hours,declining,-100.396301188903566710700132100396301188903566710700132100396,-100.396301188903566710700132100396301188903566710700132100396,2271
CRT_285,2022,2025,staff_service_hours,declining,-22.3258718604242696278370835854101208017017622606896820905135,-22.3258718604242696278370835854101208017017622606896820905135,51241
CRT_285,2022,2025,total_hours,declining,14.2268886243437872016549247672762046017837278741632676957905,14.2268886243437872016549247672762046017837278741632676957905,51241
CRT_286,2022,2025,staff_service_hours,declining,-25.4306808859721082854799015586546349466776045939294503691550,-25.4306808859721082854799015586546349466776045939294503691550,80454
CRT_286,2022,2025,total_hours,declining,6.63733313446192855544783354463420090983667685882616153329853,6.63733313446192855544783354463420090983667685882616153329853,80454
CRT_287,2022,2025,staff_service_hours,declining,-79.6238244514106583072100313479623824451410658307210031347962,-79.6238244514106583072100313479623824451410658307210031347962,6380
CRT_287,2022,2025,total_hours,declining,-102.194357366771159874608150470219435736677115987460815047022,-102.194357366771159874608150470219435736677115987460815047022,6380
CRT_288,2022,2025,staff_service_hours,declining,-19.2486805339956535237503880782365724930145917416951257373486,-19.2486805339956535237503880782365724930145917416951257373486,6442
CRT_288,2022,2025,total_hours,declining,834.989133809375970195591431232536479354237814343371623719342,834.989133809375970195591431232536479354237814343371623719342,6442
CRT_290,2022,2025,staff_service_hours,declining,-117.368819374369323915237134207870837537840565085771947527750,-117.368819374369323915237134207870837537840565085771947527750,7928
CRT_290,2022,2025,total_hours,declining,106.773461150353178607467204843592330978809283551967709384460,106.773461150353178607467204843592330978809283551967709384460,7928
CRT_291,2022,2025,staff_service_hours,declining,163.113994439295644114921223354958294717330861909175162187210,163.113994439295644114921223354958294717330861909175162187210,2158
CRT_291,2022,2025,total_hours,declining,2291.93697868396663577386468952734012974976830398517145505097,2291.93697868396663577386468952734012974976830398517145505097,2158
CRT_300,2022,2025,staff_service_hours,declining,-4.25170068027210884353741496598639455782312925170068027210884,-4.25170068027210884353741496598639455782312925170068027210884,3528
CRT_300,2022,2025,total_hours,declining,194.444444444444444444444444444444444444444444444444444444444,194.444444444444444444444444444444444444444444444444444444444,3528
CRT_301,2022,2025,staff_service_hours,declining,-138.089815319106798039312769223151953260385205723622320146556,-138.089815319106798039312769223151953260385205723622320146556,20197
CRT_301,2022,2025,total_hours,declining,-225.974154577412487003020250532257265930583750061890379759370,-225.974154577412487003020250532257265930583750061890379759370,20197
CRT_304,2022,2025,staff_service_hours,nondeclining,4.11946446961894953656024716786817713697219361483007209062822,4.11946446961894953656024716786817713697219361483007209062822,971
CRT_304,2022,2025,total_hours,nondeclining,623.069001029866117404737384140061791967044284243048403707518,623.069001029866117404737384140061791967044284243048403707518,971
CRT_305,2022,2025,staff_service_hours,declining,-88.1635344543356412792614573030003297065611605670952851961754,-88.1635344543356412792614573030003297065611605670952851961754,15165
CRT_305,2022,2025,total_hours,declining,-46.1589185624793933399274645565446752390372568414111440817672,-46.1589185624793933399274645565446752390372568414111440817672,15165
CRT_312,2022,2025,staff_service_hours,declining,-3.24675324675324675324675324675324675324675324675324675324675,-3.24675324675324675324675324675324675324675324675324675324675,1232
CRT_312,2022,2025,total_hours,declining,195.616883116883116883116883116883116883116883116883116883117,195.616883116883116883116883116883116883116883116883116883117,1232
CRT_317,2022,2025,staff_service_hours,declining,60.0078957757599684168969601263324121594946703513620213185946,60.0078957757599684168969601263324121594946703513620213185946,2533
CRT_317,2022,2025,total_hours,declining,902.092380576391630477694433478089222266087643110935649427556,902.092380576391630477694433478089222266087643110935649427556,2533
CRT_320,2022,2025,staff_service_hours,declining,-3.37790288529204785362420830401125967628430682617874736101337,-3.37790288529204785362420830401125967628430682617874736101337,7105
CRT_320,2022,2025,total_hours,declining,5.91133004926108374384236453201970443349753694581280788177340,5.91133004926108374384236453201970443349753694581280788177340,7105
CRT_322,2022,2025,staff_service_hours,declining,-48.2310250982763834290898094950105836105231327487148472936196,-48.2310250982763834290898094950105836105231327487148472936196,6614
CRT_322,2022,2025,total_hours,declining,-64.1064408829755065013607499244027819776232234653764741457514,-64.1064408829755065013607499244027819776232234653764741457514,6614
CRT_398,2022,2025,staff_service_hours,nondeclining,3.07430828063685670724087080406908445599740058486840460896298,3.07430828063685670724087080406908445599740058486840460896298,120027
CRT_398,2022,2025,total_hours,nondeclining,35.9669074458246894448749031467919718063435726961433677422580,35.9669074458246894448749031467919718063435726961433677422580,120027
CRT_399,2022,2025,staff_service_hours,declining,-31.0763011622031328954017180394138453764527539161192521475493,-31.0763011622031328954017180394138453764527539161192521475493,7916
CRT_399,2022,2025,total_hours,declining,43.9615967660434562910560889338049519959575543203638201111673,43.9615967660434562910560889338049519959575543203638201111673,7916
CRT_400,2022,2025,staff_service_hours,declining,14.6641438032166508987701040681173131504257332071901608325449,14.6641438032166508987701040681173131504257332071901608325449,8456
CRT_400,2022,2025,total_hours,declining,110.808893093661305581835383159886471144749290444654683065279,110.808893093661305581835383159886471144749290444654683065279,8456
CRT_402,2022,2025,staff_service_hours,declining,-33.1999567427273710392559749107818752027684654482534876176057,-33.1999567427273710392559749107818752027684654482534876176057,9247
CRT_402,2022,2025,total_hours,declining,-7.24559316535092462420244403590353628203741754082405104358170,-7.24559316535092462420244403590353628203741754082405104358170,9247
CRT_403,2022,2025,staff_service_hours,declining,-29.3091416608513607815771109560362875087229588276343335659456,-29.3091416608513607815771109560362875087229588276343335659456,2866
CRT_403,2022,2025,total_hours,declining,-84.4382414515003489183531053733426378227494766224703419399860,-84.4382414515003489183531053733426378227494766224703419399860,2866
CRT_405,2022,2025,staff_service_hours,declining,-23.0057548806344136354875127350827436186909711705261998513093,-23.0057548806344136354875127350827436186909711705261998513093,72634
CRT_405,2022,2025,total_hours,declining,-16.1907646556708979265908527686758267478040587052895338271333,-16.1907646556708979265908527686758267478040587052895338271333,72634
CRT_407,2022,2025,staff_service_hours,declining,-121.317829457364341085271317829457364341085271317829457364341,-121.317829457364341085271317829457364341085271317829457364341,2580
CRT_407,2022,2025,total_hours,declining,-216.666666666666666666666666666666666666666666666666666666667,-216.666666666666666666666666666666666666666666666666666666667,2580
CRT_408,2022,2025,staff_service_hours,declining,26.8253185946630993452087587129479687389988030697739914102654,26.8253185946630993452087587129479687389988030697739914102654,14203
CRT_408,2022,2025,total_hours,declining,150.742800816728860099978877701893966063507709638808702386820,150.742800816728860099978877701893966063507709638808702386820,14203
CRT_410,2022,2025,staff_service_hours,declining,-102.565467319565680221417926335959122844368746008090270385352,-102.565467319565680221417926335959122844368746008090270385352,18788
CRT_410,2022,2025,total_hours,declining,149.297423887587822014051522248243559718969555035128805620609,149.297423887587822014051522248243559718969555035128805620609,18788
CRT_416,2022,2025,staff_service_hours,declining,-186.150154268083647583133356187864244086390126842646554679465,-186.150154268083647583133356187864244086390126842646554679465,2917
CRT_416,2022,2025,total_hours,declining,762.427151182721974631470689064106959204662324305793623585876,762.427151182721974631470689064106959204662324305793623585876,2917
CRT_418+837,2022,2025,staff_service_hours,nondeclining,-23.3617872698752175030832342848200546226158495009072719617567,-23.3617872698752175030832342848200546226158495009072719617567,268387
CRT_418+837,2022,2025,total_hours,nondeclining,3.83028984265258749492337557333253846125184900908017154333109,3.83028984265258749492337557333253846125184900908017154333109,268387
CRT_420,2022,2025,staff_service_hours,declining,-20.3933189655172413793103448275862068965517241379310344827586,-20.3933189655172413793103448275862068965517241379310344827586,9280
CRT_420,2022,2025,total_hours,declining,-19.4234913793103448275862068965517241379310344827586206896552,-19.4234913793103448275862068965517241379310344827586206896552,9280
CRT_421,2022,2025,staff_service_hours,declining,-107.093184979137691237830319888734353268428372739916550764951,-107.093184979137691237830319888734353268428372739916550764951,719
CRT_421,2022,2025,total_hours,declining,4724.61752433936022253129346314325452016689847009735744089013,4724.61752433936022253129346314325452016689847009735744089013,719
CRT_422,2022,2025,staff_service_hours,declining,-31.7746372000379398653134781371526131082234658066963862278289,-31.7746372000379398653134781371526131082234658066963862278289,10543
CRT_422,2022,2025,total_hours,declining,267.191501470169780897277814663757943659300009484966328369534,267.191501470169780897277814663757943659300009484966328369534,10543
CRT_423,2022,2025,staff_service_hours,nondeclining,108.668867971021635207727563944605982948105071213838647676310,108.668867971021635207727563944605982948105071213838647676310,20291
CRT_423,2022,2025,total_hours,nondeclining,83.3374402444433492681484401951604159479572224138780740229658,83.3374402444433492681484401951604159479572224138780740229658,20291
CRT_425,2022,2025,staff_service_hours,nondeclining,14.6799765120375807398708162066940692894891368173810921902525,14.6799765120375807398708162066940692894891368173810921902525,10218
CRT_425,2022,2025,total_hours,nondeclining,94.9305147778430221178312781366216480720297514190643961636328,94.9305147778430221178312781366216480720297514190643961636328,10218
CRT_430,2022,2025,staff_service_hours,declining,-15.2290760174046583056053237778346557460967494241105707704121,-15.2290760174046583056053237778346557460967494241105707704121,15628
CRT_430,2022,2025,total_hours,declining,190.235474788840542615817762989506014845149731251599692858971,190.235474788840542615817762989506014845149731251599692858971,15628
CRT_433,2022,2025,staff_service_hours,declining,-8.46262341325811001410437235543018335684062059238363892806770,-8.46262341325811001410437235543018335684062059238363892806770,7799
CRT_433,2022,2025,total_hours,declining,-8.71906654699320425695602000256443133735094242851647647134248,-8.71906654699320425695602000256443133735094242851647647134248,7799
CRT_434,2022,2025,staff_service_hours,declining,-29.2972751485351362425732431878713378406064331079696783446015,-29.2972751485351362425732431878713378406064331079696783446015,14643
CRT_434,2022,2025,total_hours,declining,-8.12674998292699583418698354162398415625213412552072662705730,-8.12674998292699583418698354162398415625213412552072662705730,14643
CRT_435,2022,2025,staff_service_hours,declining,-93.8833570412517780938833570412517780938833570412517780938834,-93.8833570412517780938833570412517780938833570412517780938834,703
CRT_435,2022,2025,total_hours,declining,-93.8833570412517780938833570412517780938833570412517780938834,-93.8833570412517780938833570412517780938833570412517780938834,703
CRT_436,2022,2025,staff_service_hours,declining,-155.599603567888999008919722497522299306243805748265609514371,-155.599603567888999008919722497522299306243805748265609514371,2018
CRT_436,2022,2025,total_hours,declining,-277.998017839444995044598612487611496531219028741328047571853,-277.998017839444995044598612487611496531219028741328047571853,2018
CRT_440,2022,2025,staff_service_hours,nondeclining,-28.4596229099964425471362504446816079686944147990039131981501,-28.4596229099964425471362504446816079686944147990039131981501,5622
CRT_440,2022,2025,total_hours,nondeclining,16.1864105300604766986837424404126645321949484169334756314479,16.1864105300604766986837424404126645321949484169334756314479,5622
CRT_441,2022,2025,staff_service_hours,declining,-123.183545718756986362620165437066845517549742901855577911916,-123.183545718756986362620165437066845517549742901855577911916,4473
CRT_441,2022,2025,total_hours,declining,331.768388106416275430359937402190923317683881064162754303599,331.768388106416275430359937402190923317683881064162754303599,4473
CRT_444,2022,2025,staff_service_hours,declining,-1.05462294511611724797773332173610507088805775419674697747238,-1.05462294511611724797773332173610507088805775419674697747238,45988
CRT_444,2022,2025,total_hours,declining,-77.3462642428459598156040706271201182917282769418109071931808,-77.3462642428459598156040706271201182917282769418109071931808,45988
CRT_445,2022,2025,staff_service_hours,declining,3.31433116797030359273498607980909452472491051305846480180300,3.31433116797030359273498607980909452472491051305846480180300,15086
CRT_445,2022,2025,total_hours,declining,-43.7491714172080074241018162534800477263688187723717353837995,-43.7491714172080074241018162534800477263688187723717353837995,15086
CRT_475,2022,2025,staff_service_hours,declining,-51.5764534353927464917076726808820849280116639329323856387826,-51.5764534353927464917076726808820849280116639329323856387826,5487
CRT_475,2022,2025,total_hours,declining,-51.5764534353927464917076726808820849280116639329323856387826,-51.5764534353927464917076726808820849280116639329323856387826,5487
CRT_480,2022,2025,staff_service_hours,declining,-18.0904522613065326633165829145728643216080402010050251256281,-18.0904522613065326633165829145728643216080402010050251256281,1990
CRT_480,2022,2025,total_hours,declining,-18.0904522613065326633165829145728643216080402010050251256281,-18.0904522613065326633165829145728643216080402010050251256281,1990
CRT_481+538,2022,2025,staff_service_hours,declining,9.16019858751136284175931753024264037479896510733515138801482,9.16019858751136284175931753024264037479896510733515138801482,14301
CRT_481+538,2022,2025,total_hours,declining,89.1546045731067757499475561149569960142647367316970841199916,89.1546045731067757499475561149569960142647367316970841199916,14301
CRT_483,2022,2025,staff_service_hours,declining,-95.7249070631970260223048327137546468401486988847583643122677,-95.7249070631970260223048327137546468401486988847583643122677,1076
CRT_483,2022,2025,total_hours,declining,-95.7249070631970260223048327137546468401486988847583643122677,-95.7249070631970260223048327137546468401486988847583643122677,1076
CRT_484,2022,2025,staff_service_hours,declining,-102.127659574468085106382978723404255319148936170212765957447,-102.127659574468085106382978723404255319148936170212765957447,3055
CRT_484,2022,2025,total_hours,declining,396.399345335515548281505728314238952536824877250409165302782,396.399345335515548281505728314238952536824877250409165302782,3055
CRT_489,2022,2025,staff_service_hours,declining,-7.62942779291553133514986376021798365122615803814713896457766,-7.62942779291553133514986376021798365122615803814713896457766,1835
CRT_489,2022,2025,total_hours,declining,-7.62942779291553133514986376021798365122615803814713896457766,-7.62942779291553133514986376021798365122615803814713896457766,1835
CRT_494,2022,2025,staff_service_hours,declining,-104.501066337411606240880008979683466157817936917723650241329,-104.501066337411606240880008979683466157817936917723650241329,8909
CRT_494,2022,2025,total_hours,declining,203.389830508474576271186440677966101694915254237288135593220,203.389830508474576271186440677966101694915254237288135593220,8909
CRT_495,2022,2025,staff_service_hours,declining,1294.35483870967741935483870967741935483870967741935483870968,1294.35483870967741935483870967741935483870967741935483870968,1488
CRT_495,2022,2025,total_hours,declining,2450.94086021505376344086021505376344086021505376344086021505,2450.94086021505376344086021505376344086021505376344086021505,1488
CRT_498,2022,2025,staff_service_hours,declining,67.6432572167169323567427832830676432572167169323567427832831,67.6432572167169323567427832830676432572167169323567427832831,2321
CRT_498,2022,2025,total_hours,declining,92.6324859974149073675140025850926324859974149073675140025851,92.6324859974149073675140025850926324859974149073675140025851,2321
CRT_499,2022,2025,staff_service_hours,nondeclining,-32.1969696969696969696969696969696969696969696969696969696970,-32.1969696969696969696969696969696969696969696969696969696970,19536
CRT_499,2022,2025,total_hours,nondeclining,105.036855036855036855036855036855036855036855036855036855037,105.036855036855036855036855036855036855036855036855036855037,19536
CRT_500,2022,2025,staff_service_hours,nondeclining,-50.6426242087089967389219259543449069633608286974870516017648,-50.6426242087089967389219259543449069633608286974870516017648,10426
CRT_500,2022,2025,total_hours,nondeclining,-396.604642240552464991367734509879148283138308075963936313063,-396.604642240552464991367734509879148283138308075963936313063,10426
CRT_503,2022,2025,staff_service_hours,declining,-1.05346326046879115090861206215433236765867790360811166710561,-1.05346326046879115090861206215433236765867790360811166710561,7594
CRT_503,2022,2025,total_hours,declining,-15.8019489070318672636291809323149855148801685541216750065841,-15.8019489070318672636291809323149855148801685541216750065841,7594
CRT_504+616,2022,2025,staff_service_hours,declining,79.4213973799126637554585152838427947598253275109170305676856,79.4213973799126637554585152838427947598253275109170305676856,3664
CRT_504+616,2022,2025,total_hours,declining,494.268558951965065502183406113537117903930131004366812227074,494.268558951965065502183406113537117903930131004366812227074,3664
CRT_505,2022,2025,staff_service_hours,declining,3.59936651149397706003743341171953736142438930748188318855881,3.59936651149397706003743341171953736142438930748188318855881,20837
CRT_505,2022,2025,total_hours,declining,1.48773815808417718481547247684407544272208091375917838460431,1.48773815808417718481547247684407544272208091375917838460431,20837
CRT_508,2022,2025,staff_service_hours,declining,-78.2181323852347589668514064624071943950643103628568440865837,-78.2181323852347589668514064624071943950643103628568440865837,9563
CRT_508,2022,2025,total_hours,declining,-30.2206420579316114190107706786573251071839380947401443061801,-30.2206420579316114190107706786573251071839380947401443061801,9563
CRT_529,2022,2025,staff_service_hours,nondeclining,3.37095868021860156289902446498799734409316103988967771592012,3.37095868021860156289902446498799734409316103988967771592012,19579
CRT_529,2022,2025,total_hours,nondeclining,266.714336789417232749374329638898820164461923489452985341437,266.714336789417232749374329638898820164461923489452985341437,19579
CRT_531+609,2022,2025,staff_service_hours,declining,-12.3743668994145582114132948302895624414840216128413667076514,-12.3743668994145582114132948302895624414840216128413667076514,88651
CRT_531+609,2022,2025,total_hours,declining,97.0321823780893616541268570010490575402420728474580094979188,97.0321823780893616541268570010490575402420728474580094979188,88651
CRT_536,2022,2025,staff_service_hours,nondeclining,-49.8796009631922944616443068455452356381148950808393532851737,-49.8796009631922944616443068455452356381148950808393532851737,34884
CRT_536,2022,2025,total_hours,nondeclining,-27.0037839697282421740626074991400068799449604403164774681803,-27.0037839697282421740626074991400068799449604403164774681803,34884
CRT_541+911,2022,2025,staff_service_hours,declining,-262.549082033322721001804096359970285471718136474583465987477,-262.549082033322721001804096359970285471718136474583465987477,9423
CRT_541+911,2022,2025,total_hours,declining,-278.573702642470550780006367398917542184017828716969118115250,-278.573702642470550780006367398917542184017828716969118115250,9423
CRT_543,2022,2025,staff_service_hours,nondeclining,15.1381240510345140163618646180343100596006979853604369207061,15.1381240510345140163618646180343100596006979853604369207061,44127
CRT_543,2022,2025,total_hours,nondeclining,50.4226437328619665964148933759376345548077140979445690846874,50.4226437328619665964148933759376345548077140979445690846874,44127
CRT_545,2022,2025,staff_service_hours,nondeclining,-42.0414139301401380464338004601547793348671825977828906086593,-42.0414139301401380464338004601547793348671825977828906086593,9562
CRT_545,2022,2025,total_hours,nondeclining,710.886843756536289479188454298263961514327546538381091821795,710.886843756536289479188454298263961514327546538381091821795,9562
CRT_560,2022,2025,staff_service_hours,declining,-15.1189271255060728744939271255060728744939271255060728744939,-15.1189271255060728744939271255060728744939271255060728744939,15808
CRT_560,2022,2025,total_hours,declining,42.2887145748987854251012145748987854251012145748987854251012,42.2887145748987854251012145748987854251012145748987854251012,15808
CRT_561,2022,2025,staff_service_hours,declining,-265.519820493642483171278982797307404637247569184741959611070,-265.519820493642483171278982797307404637247569184741959611070,1337
CRT_561,2022,2025,total_hours,declining,-265.519820493642483171278982797307404637247569184741959611070,-265.519820493642483171278982797307404637247569184741959611070,1337
CRT_562,2022,2025,staff_service_hours,declining,-25.1726442414791713076408999777233236801069280463354867453776,-25.1726442414791713076408999777233236801069280463354867453776,8978
CRT_562,2022,2025,total_hours,declining,114.390732902650924482067275562486077077300066830028959679216,114.390732902650924482067275562486077077300066830028959679216,8978
CRT_563,2022,2025,staff_service_hours,declining,-15.7702055758941143339904252323289214305829343846803717262743,-15.7702055758941143339904252323289214305829343846803717262743,7102
CRT_563,2022,2025,total_hours,declining,20.5575894114333990425232328921430582934384680371726274288933,20.5575894114333990425232328921430582934384680371726274288933,7102
CRT_576,2022,2025,staff_service_hours,declining,-128.332740846071809456096693921080696765019552079630287948809,-128.332740846071809456096693921080696765019552079630287948809,2813
CRT_576,2022,2025,total_hours,declining,108.425168858869534305012442232492001421969427657305367934589,108.425168858869534305012442232492001421969427657305367934589,2813
CRT_577,2022,2025,staff_service_hours,nondeclining,1.35857259306222262476224979621411104066660628566253056788334,1.35857259306222262476224979621411104066660628566253056788334,11041
CRT_577,2022,2025,total_hours,nondeclining,-112.308667693143736980345983153699846028439452948102526945023,-112.308667693143736980345983153699846028439452948102526945023,11041
CRT_578,2022,2025,staff_service_hours,declining,-138.548539114043355325164938737040527803958529688972667295005,-138.548539114043355325164938737040527803958529688972667295005,3183
CRT_578,2022,2025,total_hours,declining,11.3100848256361922714420358152686145146088595664467483506126,11.3100848256361922714420358152686145146088595664467483506126,3183
CRT_580,2022,2025,staff_service_hours,declining,-360.192686665206919202977884825925114955112765491569958397197,-360.192686665206919202977884825925114955112765491569958397197,4567
CRT_580,2022,2025,total_hours,declining,-42.0407269542369170133566892927523538427851981607181957521349,-42.0407269542369170133566892927523538427851981607181957521349,4567
CRT_581,2022,2025,staff_service_hours,declining,-93.3821189945911549475023862551702195354756601972637607381483,-93.3821189945911549475023862551702195354756601972637607381483,6286
CRT_581,2022,2025,total_hours,declining,-42.4753420299077314667515112949411390391345847916003818008272,-42.4753420299077314667515112949411390391345847916003818008272,6286
CRT_583+742+758,2022,2025,staff_service_hours,declining,14.3280632411067193675889328063241106719367588932806324110672,14.3280632411067193675889328063241106719367588932806324110672,10120
CRT_583+742+758,2022,2025,total_hours,declining,34.9802371541501976284584980237154150197628458498023715415020,34.9802371541501976284584980237154150197628458498023715415020,10120
CRT_584,2022,2025,staff_service_hours,declining,26.5321375186846038863976083707025411061285500747384155455904,26.5321375186846038863976083707025411061285500747384155455904,2676
CRT_584,2022,2025,total_hours,declining,1602.01793721973094170403587443946188340807174887892376681614,1602.01793721973094170403587443946188340807174887892376681614,2676
CRT_592,2022,2025,staff_service_hours,declining,-21.2071778140293637846655791190864600326264274061990212071778,-21.2071778140293637846655791190864600326264274061990212071778,3678
CRT_592,2022,2025,total_hours,declining,468.189233278955954323001631321370309951060358890701468189233,468.189233278955954323001631321370309951060358890701468189233,3678
CRT_593,2022,2025,staff_service_hours,declining,-43.9343882223381440908827450298498811800846229641221816495682,-43.9343882223381440908827450298498811800846229641221816495682,17253
CRT_593,2022,2025,total_hours,declining,42.0216773894395177650263722251202689387352924129136961687822,42.0216773894395177650263722251202689387352924129136961687822,17253
CRT_595,2022,2025,staff_service_hours,declining,-50.3630826891543687046146638557039119231670180370110096041227,-50.3630826891543687046146638557039119231670180370110096041227,4269
CRT_595,2022,2025,total_hours,declining,-117.357695010541110330288123682361208713984539704848910751933,-117.357695010541110330288123682361208713984539704848910751933,4269
CRT_598,2022,2025,staff_service_hours,declining,-4.45096088390846729852856469602555375189820390637272870084306,-4.45096088390846729852856469602555375189820390637272870084306,19097
CRT_598,2022,2025,total_hours,declining,7.27863015133267005288788814997119966486882756453893281667278,7.27863015133267005288788814997119966486882756453893281667278,19097
CRT_599,2022,2025,staff_service_hours,nondeclining,15.6641604010025062656641604010025062656641604010025062656642,15.6641604010025062656641604010025062656641604010025062656642,11172
CRT_599,2022,2025,total_hours,nondeclining,221.177944862155388471177944862155388471177944862155388471178,221.177944862155388471177944862155388471177944862155388471178,11172
CRT_601+931,2022,2025,staff_service_hours,declining,-22.5284119481041939052599818968118274162727547018002614904958,-22.5284119481041939052599818968118274162727547018002614904958,9943
CRT_601+931,2022,2025,total_hours,declining,-46.7665694458412953836870159911495524489590666800764356833954,-46.7665694458412953836870159911495524489590666800764356833954,9943
CRT_604,2022,2025,staff_service_hours,nondeclining,65.5745818073839453627635355834900524596654459071562902108285,65.5745818073839453627635355834900524596654459071562902108285,20206
CRT_604,2022,2025,total_hours,nondeclining,308.175789369494209640700781945956646540631495595367712560626,308.175789369494209640700781945956646540631495595367712560626,20206
CRT_608,2022,2025,staff_service_hours,declining,15.3999006458022851465474416294088425235966219572776949826130,15.3999006458022851465474416294088425235966219572776949826130,2013
CRT_608,2022,2025,total_hours,declining,1752.11127670144063586686537506209637357178340784898161947342,1752.11127670144063586686537506209637357178340784898161947342,2013
CRT_611,2022,2025,staff_service_hours,declining,-76.9838136596920647453612317410185550730359257797078562968812,-76.9838136596920647453612317410185550730359257797078562968812,5066
CRT_611,2022,2025,total_hours,declining,-88.2352941176470588235294117647058823529411764705882352941176,-88.2352941176470588235294117647058823529411764705882352941176,5066
CRT_614,2022,2025,staff_service_hours,declining,-26.0926288323548597521200260926288323548597521200260926288324,-26.0926288323548597521200260926288323548597521200260926288324,3066
CRT_614,2022,2025,total_hours,declining,-150.032615786040443574690150032615786040443574690150032615786,-150.032615786040443574690150032615786040443574690150032615786,3066
CRT_615,2022,2025,staff_service_hours,declining,11.2957673331602181251622955076603479615684237860296027005972,11.2957673331602181251622955076603479615684237860296027005972,7702
CRT_615,2022,2025,total_hours,declining,44.7935601142560373928849649441703453648403012204622176058167,44.7935601142560373928849649441703453648403012204622176058167,7702
CRT_619,2022,2025,staff_service_hours,declining,-27.9309077545020213156927600147004777655273796398382947445792,-27.9309077545020213156927600147004777655273796398382947445792,2721
CRT_619,2022,2025,total_hours,declining,1.10253583241455347298787210584343991179713340683572216097023,1.10253583241455347298787210584343991179713340683572216097023,2721
CRT_620,2022,2025,staff_service_hours,declining,9.81193785772690106295993458708094848732624693376941946034342,9.81193785772690106295993458708094848732624693376941946034342,2446
CRT_620,2022,2025,total_hours,declining,-67.8659035159443990188062142273098937040065412919051512673753,-67.8659035159443990188062142273098937040065412919051512673753,2446
CRT_624,2022,2025,staff_service_hours,declining,-2.53955850752100019535065442469232271928110959171713225239305,-2.53955850752100019535065442469232271928110959171713225239305,5119
CRT_624,2022,2025,total_hours,declining,-102.168392264114084782184020316468060168001562805235397538582,-102.168392264114084782184020316468060168001562805235397538582,5119
CRT_625,2022,2025,staff_service_hours,declining,7.70997375328083989501312335958005249343832020997375328083990,7.70997375328083989501312335958005249343832020997375328083990,3048
CRT_625,2022,2025,total_hours,declining,106.791338582677165354330708661417322834645669291338582677165,106.791338582677165354330708661417322834645669291338582677165,3048
CRT_630,2022,2025,staff_service_hours,nondeclining,64.9908031882280809319435928877988963825873697118332311465359,64.9908031882280809319435928877988963825873697118332311465359,1631
CRT_630,2022,2025,total_hours,nondeclining,239.117106069895769466584917228694052728387492335990190067443,239.117106069895769466584917228694052728387492335990190067443,1631
CRT_631,2022,2025,staff_service_hours,declining,133.501259445843828715365239294710327455919395465994962216625,133.501259445843828715365239294710327455919395465994962216625,1985
CRT_631,2022,2025,total_hours,declining,304.785894206549118387909319899244332493702770780856423173804,304.785894206549118387909319899244332493702770780856423173804,1985
CRT_635,2022,2025,staff_service_hours,declining,-2.79546513433763006678055598695449603975772635502407206087902,-2.79546513433763006678055598695449603975772635502407206087902,6439
CRT_635,2022,2025,total_hours,declining,13.6667184345395247709271626028886473054822177356732411865196,13.6667184345395247709271626028886473054822177356732411865196,6439
CRT_636,2022,2025,staff_service_hours,declining,22.6222330333252250060812454390659207005594745803940647044515,22.6222330333252250060812454390659207005594745803940647044515,8222
CRT_636,2022,2025,total_hours,declining,24.2033568474823643882267088299683775237168572123570907321820,24.2033568474823643882267088299683775237168572123570907321820,8222
CRT_638,2022,2025,staff_service_hours,nondeclining,-3.08901444798529785528553832919509667833193219808793915814581,-3.08901444798529785528553832919509667833193219808793915814581,51149
CRT_638,2022,2025,total_hours,nondeclining,0.175956519189035953782087626346556139904983479637920584957673,0.175956519189035953782087626346556139904983479637920584957673,51149
CRT_678,2022,2025,staff_service_hours,declining,-53.2151690024732069249793899422918384171475680131904369332234,-53.2151690024732069249793899422918384171475680131904369332234,24260
CRT_678,2022,2025,total_hours,declining,-2.10222588623248145094806265457543281121187139323990107172300,-2.10222588623248145094806265457543281121187139323990107172300,24260
CRT_680,2022,2025,staff_service_hours,nondeclining,-3.18419991938734381297863764611043933897621926642482869810560,-3.18419991938734381297863764611043933897621926642482869810560,24810
CRT_680,2022,2025,total_hours,nondeclining,14.6715034260378879484079000403063280935106811769447803305119,14.6715034260378879484079000403063280935106811769447803305119,24810
CRT_683,2022,2025,staff_service_hours,declining,74.9318801089918256130790190735694822888283378746594005449591,74.9318801089918256130790190735694822888283378746594005449591,3670
CRT_683,2022,2025,total_hours,declining,259.945504087193460490463215258855585831062670299727520435967,259.945504087193460490463215258855585831062670299727520435967,3670
CRT_684,2022,2025,staff_service_hours,declining,1.23206447804101747991478220693549629097256089735362817320773,1.23206447804101747991478220693549629097256089735362817320773,38959
CRT_684,2022,2025,total_hours,declining,1.23206447804101747991478220693549629097256089735362817320773,1.23206447804101747991478220693549629097256089735362817320773,38959
CRT_686,2022,2025,staff_service_hours,declining,5.27530497856907352456313880646224859874711506758984503791625,5.27530497856907352456313880646224859874711506758984503791625,3033
CRT_686,2022,2025,total_hours,declining,59.0174744477415100560501153972964061984833498186613913616881,59.0174744477415100560501153972964061984833498186613913616881,3033
CRT_687,2022,2025,staff_service_hours,declining,292.134831460674157303370786516853932584269662921348314606742,292.134831460674157303370786516853932584269662921348314606742,1513
CRT_687,2022,2025,total_hours,declining,184.401850627891606080634500991407799074686054196959682749504,184.401850627891606080634500991407799074686054196959682749504,1513
CRT_689,2022,2025,staff_service_hours,declining,-22.3156532988357050452781371280724450194049159120310478654592,-22.3156532988357050452781371280724450194049159120310478654592,3092
CRT_689,2022,2025,total_hours,declining,-22.3156532988357050452781371280724450194049159120310478654592,-22.3156532988357050452781371280724450194049159120310478654592,3092
CRT_691,2022,2025,staff_service_hours,declining,-53.1598513011152416356877323420074349442379182156133828996283,-53.1598513011152416356877323420074349442379182156133828996283,2690
CRT_691,2022,2025,total_hours,declining,1.85873605947955390334572490706319702602230483271375464684015,1.85873605947955390334572490706319702602230483271375464684015,2690
CRT_694,2022,2025,staff_service_hours,declining,-11.5002980260159180954384488622418568773885908628729707934504,-11.5002980260159180954384488622418568773885908628729707934504,28521
CRT_694,2022,2025,total_hours,declining,85.0250692472213456751165807650503138038638196416675432137723,85.0250692472213456751165807650503138038638196416675432137723,28521
CRT_697,2022,2025,staff_service_hours,declining,-40.4958677685950413223140495867768595041322314049586776859504,-40.4958677685950413223140495867768595041322314049586776859504,1210
CRT_697,2022,2025,total_hours,declining,147.107438016528925619834710743801652892561983471074380165289,147.107438016528925619834710743801652892561983471074380165289,1210
CRT_698,2022,2025,staff_service_hours,nondeclining,-40.2306014334683702087877843564973511997507011530071673418510,-40.2306014334683702087877843564973511997507011530071673418510,64180
CRT_698,2022,2025,total_hours,nondeclining,-28.7940168276721720162044250545341227796821439700841383608601,-28.7940168276721720162044250545341227796821439700841383608601,64180
CRT_700,2022,2025,staff_service_hours,declining,-37.0445756157134133930388764502340728679014858538571137797680,-37.0445756157134133930388764502340728679014858538571137797680,4913
CRT_700,2022,2025,total_hours,declining,89.7618562996132709139018929371056381029920618766537756971301,89.7618562996132709139018929371056381029920618766537756971301,4913
CRT_702,2022,2025,staff_service_hours,declining,-27.6774969915764139590854392298435619735258724428399518652226,-27.6774969915764139590854392298435619735258724428399518652226,4155
CRT_702,2022,2025,total_hours,declining,683.754512635379061371841155234657039711191335740072202166065,683.754512635379061371841155234657039711191335740072202166065,4155
CRT_704,2022,2025,staff_service_hours,nondeclining,-12.5411506505721899984323561686784762501959554789151904687255,-12.5411506505721899984323561686784762501959554789151904687255,6379
CRT_704,2022,2025,total_hours,nondeclining,649.945132465903746668756858441762031666405392694779746041699,649.945132465903746668756858441762031666405392694779746041699,6379
CRT_707,2022,2025,staff_service_hours,declining,-112.696850393700787401574803149606299212598425196850393700787,-112.696850393700787401574803149606299212598425196850393700787,2032
CRT_707,2022,2025,total_hours,declining,62.9921259842519685039370078740157480314960629921259842519685,62.9921259842519685039370078740157480314960629921259842519685,2032
CRT_710,2022,2025,staff_service_hours,declining,25.7604424392373744724203172755057487993014117304613593363411,25.7604424392373744724203172755057487993014117304613593363411,27484
CRT_710,2022,2025,total_hours,declining,179.777324989084558288458739630330374035802648813855334012516,179.777324989084558288458739630330374035802648813855334012516,27484
CRT_729,2022,2025,staff_service_hours,declining,-35.8670615333991444554129647910496873971701217505758473181968,-35.8670615333991444554129647910496873971701217505758473181968,9117
CRT_729,2022,2025,total_hours,declining,-0.658111220796314577163540638367884172425139848634419216847647,-0.658111220796314577163540638367884172425139848634419216847647,9117
CRT_732,2022,2025,staff_service_hours,declining,14.6370023419203747072599531615925058548009367681498829039813,14.6370023419203747072599531615925058548009367681498829039813,3416
CRT_732,2022,2025,total_hours,declining,17.5644028103044496487119437939110070257611241217798594847775,17.5644028103044496487119437939110070257611241217798594847775,3416
CRT_734,2022,2025,staff_service_hours,declining,36.7655642023346303501945525291828793774319066147859922178988,36.7655642023346303501945525291828793774319066147859922178988,51400
CRT_734,2022,2025,total_hours,declining,319.195330739299610894941634241245136186770428015564202334630,319.195330739299610894941634241245136186770428015564202334630,51400
CRT_738,2022,2025,staff_service_hours,declining,7.77289624873267995944575870226427847245691111862115579587699,7.77289624873267995944575870226427847245691111862115579587699,2959
CRT_738,2022,2025,total_hours,declining,7.77289624873267995944575870226427847245691111862115579587699,7.77289624873267995944575870226427847245691111862115579587699,2959
CRT_739,2022,2025,staff_service_hours,declining,-8.58632321373811714198098742716957988347132781355412450168660,-8.58632321373811714198098742716957988347132781355412450168660,3261
CRT_739,2022,2025,total_hours,declining,774.915670039865072063784115302054584483287335173259736277216,774.915670039865072063784115302054584483287335173259736277216,3261
CRT_740,2022,2025,staff_service_hours,declining,-1.75131348511383537653239929947460595446584938704028021015762,-1.75131348511383537653239929947460595446584938704028021015762,32547
CRT_740,2022,2025,total_hours,declining,-22.7363505084954066427013242387931299351706762528036378160814,-22.7363505084954066427013242387931299351706762528036378160814,32547
CRT_743,2022,2025,staff_service_hours,nondeclining,4.64965397923875432525951557093425605536332179930795847750865,4.64965397923875432525951557093425605536332179930795847750865,64736
CRT_743,2022,2025,total_hours,nondeclining,69.8529411764705882352941176470588235294117647058823529411765,69.8529411764705882352941176470588235294117647058823529411765,64736
CRT_746,2022,2025,staff_service_hours,declining,-62.7483790002091612633340305375444467684584814892281949382974,-62.7483790002091612633340305375444467684584814892281949382974,4781
CRT_746,2022,2025,total_hours,declining,157.080108763856933695879523112319598410374398661367914662205,157.080108763856933695879523112319598410374398661367914662205,4781
CRT_747,2022,2025,staff_service_hours,declining,-57.6923076923076923076923076923076923076923076923076923076923,-57.6923076923076923076923076923076923076923076923076923076923,1352
CRT_747,2022,2025,total_hours,declining,405.325443786982248520710059171597633136094674556213017751479,405.325443786982248520710059171597633136094674556213017751479,1352
CRT_748,2022,2025,staff_service_hours,declining,-166.865552903739061256961018297533810660302307080350039777247,-166.865552903739061256961018297533810660302307080350039777247,5028
CRT_748,2022,2025,total_hours,declining,616.746221161495624502784407319013524264120922832140015910899,616.746221161495624502784407319013524264120922832140015910899,5028
CRT_749,2022,2025,staff_service_hours,declining,-2.95871882778377870661719814023387967876767012633259756727563,-2.95871882778377870661719814023387967876767012633259756727563,21293
CRT_749,2022,2025,total_hours,declining,-6.38707556473958577936411027098107359226036725684497252618231,-6.38707556473958577936411027098107359226036725684497252618231,21293
CRT_751,2022,2025,staff_service_hours,declining,-164.600550964187327823691460055096418732782369146005509641873,-164.600550964187327823691460055096418732782369146005509641873,2904
CRT_751,2022,2025,total_hours,declining,-164.600550964187327823691460055096418732782369146005509641873,-164.600550964187327823691460055096418732782369146005509641873,2904
CRT_755,2022,2025,staff_service_hours,nondeclining,-194.014198128428525330751855437237818651177799290093578573733,unbounded,6198
CRT_755,2022,2025,total_hours,nondeclining,-283.236527912229751532752500806711842529848338173604388512423,unbounded,6198
CRT_759,2022,2025,staff_service_hours,declining,-0.250375563345017526289434151226840260390585878818227341011517,-0.250375563345017526289434151226840260390585878818227341011517,1997
CRT_759,2022,2025,total_hours,declining,-30.5458187280921382073109664496745117676514772158237356034051,-30.5458187280921382073109664496745117676514772158237356034051,1997
CRT_761,2022,2025,staff_service_hours,declining,-35.6183580520845498073105220133130912063529136984701623262875,-35.6183580520845498073105220133130912063529136984701623262875,8563
CRT_761,2022,2025,total_hours,declining,229.475651056872591381525166413640079411421230877029078593951,229.475651056872591381525166413640079411421230877029078593951,8563
CRT_762,2022,2025,staff_service_hours,declining,-33.8893301562086311887741593857558909187185597034683611331745,-33.8893301562086311887741593857558909187185597034683611331745,3777
CRT_762,2022,2025,total_hours,declining,106.963198305533492189568440561292030712205454064072014826582,106.963198305533492189568440561292030712205454064072014826582,3777
CRT_765,2022,2025,staff_service_hours,declining,-18.3610359489756474681097796675686122922303826826439891766525,-18.3610359489756474681097796675686122922303826826439891766525,10348
CRT_765,2022,2025,total_hours,declining,201.874758407421724004638577502899110939311944337069965210669,201.874758407421724004638577502899110939311944337069965210669,10348
CRT_768,2022,2025,staff_service_hours,declining,-237.860082304526748971193415637860082304526748971193415637860,-237.860082304526748971193415637860082304526748971193415637860,2430
CRT_768,2022,2025,total_hours,declining,949.382716049382716049382716049382716049382716049382716049383,949.382716049382716049382716049382716049382716049382716049383,2430
CRT_777,2022,2025,staff_service_hours,declining,-109.216835375599360681939264784230154501864677677144379328716,-109.216835375599360681939264784230154501864677677144379328716,7508
CRT_777,2022,2025,total_hours,declining,-39.6909962706446457112413425679275439531166755460841768779968,-39.6909962706446457112413425679275439531166755460841768779968,7508
CRT_778,2022,2025,staff_service_hours,declining,-15.6726164562472790596430126251632564214192424902046147148455,-15.6726164562472790596430126251632564214192424902046147148455,6891
CRT_778,2022,2025,total_hours,declining,74.8802786242925555071832825424466695690030474531998258598172,74.8802786242925555071832825424466695690030474531998258598172,6891
CRT_781,2022,2025,staff_service_hours,declining,-3.06919642857142857142857142857142857142857142857142857142857,-3.06919642857142857142857142857142857142857142857142857142857,3584
CRT_781,2022,2025,total_hours,declining,3.62723214285714285714285714285714285714285714285714285714286,3.62723214285714285714285714285714285714285714285714285714286,3584
CRT_783,2022,2025,staff_service_hours,declining,-4.40194292653309046751669702489374620522161505768063145112325,-4.40194292653309046751669702489374620522161505768063145112325,6588
CRT_783,2022,2025,total_hours,declining,369.156041287188828172434729811778992106860959319975713418336,369.156041287188828172434729811778992106860959319975713418336,6588
CRT_785,2022,2025,staff_service_hours,declining,-58.7355031799476243920688365132809577254021698466142910587355,-58.7355031799476243920688365132809577254021698466142910587355,2673
CRT_785,2022,2025,total_hours,declining,269.360269360269360269360269360269360269360269360269360269360,269.360269360269360269360269360269360269360269360269360269360,2673
CRT_790,2022,2025,staff_service_hours,declining,-48.0456704725393782815234602883573631135927993999499958329861,-48.0456704725393782815234602883573631135927993999499958329861,23998
CRT_790,2022,2025,total_hours,declining,8.25068755729644137011417618134844570380865072089340778398200,8.25068755729644137011417618134844570380865072089340778398200,23998
CRT_791,2022,2025,staff_service_hours,declining,-6.82128240109140518417462482946793997271487039563437926330150,-6.82128240109140518417462482946793997271487039563437926330150,5131
CRT_791,2022,2025,total_hours,declining,-109.140518417462482946793997271487039563437926330150068212824,-109.140518417462482946793997271487039563437926330150068212824,5131
CRT_831,2022,2025,staff_service_hours,declining,3.04678998911860718171926006528835690968443960826985854189336,3.04678998911860718171926006528835690968443960826985854189336,4595
CRT_831,2022,2025,total_hours,declining,6.52883569096844396082698585418933623503808487486398258977149,6.52883569096844396082698585418933623503808487486398258977149,4595
CRT_832,2022,2025,staff_service_hours,declining,-4.08893432149246102734474827498083312036800408893432149246103,-4.08893432149246102734474827498083312036800408893432149246103,3913
CRT_832,2022,2025,total_hours,declining,-4.34449271658573984155379504216713519039100434449271658573984,-4.34449271658573984155379504216713519039100434449271658573984,3913
CRT_833,2022,2025,staff_service_hours,nondeclining,-87.6565295169946332737030411449016100178890876565295169946333,-87.6565295169946332737030411449016100178890876565295169946333,1677
CRT_833,2022,2025,total_hours,nondeclining,-44.1264162194394752534287418008348240906380441264162194394753,-44.1264162194394752534287418008348240906380441264162194394753,1677
CRT_834,2022,2025,staff_service_hours,declining,10.8932461873638344226579520697167755991285403050108932461874,10.8932461873638344226579520697167755991285403050108932461874,5967
CRT_834,2022,2025,total_hours,declining,55.3041729512317747611865258924082453494218200100553041729512,55.3041729512317747611865258924082453494218200100553041729512,5967
CRT_844,2022,2025,staff_service_hours,declining,-636.916835699797160243407707910750507099391480730223123732252,-636.916835699797160243407707910750507099391480730223123732252,1479
CRT_844,2022,2025,total_hours,declining,342.123056118999323867478025693035835023664638269100743745774,342.123056118999323867478025693035835023664638269100743745774,1479
CRT_845,2022,2025,staff_service_hours,declining,-62.1096460791117279666897987508674531575294934073560027758501,-62.1096460791117279666897987508674531575294934073560027758501,2882
CRT_845,2022,2025,total_hours,declining,158.570437196391394864677307425399028452463566967383761276891,158.570437196391394864677307425399028452463566967383761276891,2882
CRT_846,2022,2025,staff_service_hours,declining,-120.557350565428109854604200323101777059773828756058158319871,-120.557350565428109854604200323101777059773828756058158319871,4952
CRT_846,2022,2025,total_hours,declining,-88.2471728594507269789983844911147011308562197092084006462036,-88.2471728594507269789983844911147011308562197092084006462036,4952
CRT_848,2022,2025,staff_service_hours,declining,-1.17896722471115302994576750766328696062249469464748879981137,-1.17896722471115302994576750766328696062249469464748879981137,4241
CRT_848,2022,2025,total_hours,declining,71.4454138174958736147135109643951898137231784956378212685687,71.4454138174958736147135109643951898137231784956378212685687,4241
CRT_849,2022,2025,staff_service_hours,declining,-210.687542545949625595643294758339006126616746085772634445201,-210.687542545949625595643294758339006126616746085772634445201,2938
CRT_849,2022,2025,total_hours,declining,-39.8230088495575221238938053097345132743362831858407079646018,-39.8230088495575221238938053097345132743362831858407079646018,2938
CRT_850,2022,2025,staff_service_hours,declining,-15.5006284038542103058232090490155006284038542103058232090490,-15.5006284038542103058232090490155006284038542103058232090490,2387
CRT_850,2022,2025,total_hours,declining,23.4604105571847507331378299120234604105571847507331378299120,23.4604105571847507331378299120234604105571847507331378299120,2387
CRT_851,2022,2025,staff_service_hours,declining,20.2034406787606056344630384849763277551211737683401303145362,20.2034406787606056344630384849763277551211737683401303145362,21333
CRT_851,2022,2025,total_hours,declining,157.736839638119345614775230862982234097407771996437444335068,157.736839638119345614775230862982234097407771996437444335068,21333
CRT_853,2022,2025,staff_service_hours,nondeclining,-9.34727909110009890487196174995003510354263927394599691498793,-9.34727909110009890487196174995003510354263927394599691498793,195137
CRT_853,2022,2025,total_hours,nondeclining,-15.5121786232236838733812654699006339136094128740320902750375,-15.5121786232236838733812654699006339136094128740320902750375,195137
CRT_854+976,2022,2025,staff_service_hours,declining,-193.095705865843390401347179343250070165590794274487791187202,-193.095705865843390401347179343250070165590794274487791187202,7126
CRT_854+976,2022,2025,total_hours,declining,-15.2960987931518383384788099915801291046870614650575357844513,-15.2960987931518383384788099915801291046870614650575357844513,7126
CRT_858,2022,2025,staff_service_hours,nondeclining,-2.92059016063245883478523591318797522533863739362505664937812,-2.92059016063245883478523591318797522533863739362505664937812,39718
CRT_858,2022,2025,total_hours,nondeclining,-4.33053023817916309985397049196837705826073820434060123873307,-4.33053023817916309985397049196837705826073820434060123873307,39718
CRT_859,2022,2025,staff_service_hours,declining,-25.4815713635674199908994387987259214318216290004550280600637,-25.4815713635674199908994387987259214318216290004550280600637,6593
CRT_859,2022,2025,total_hours,declining,335.659032306992264522978917033217048384650386773851054148339,335.659032306992264522978917033217048384650386773851054148339,6593
CRT_886,2022,2025,staff_service_hours,declining,-37.2562948930460178388191648906780329939221722314310521745994,-37.2562948930460178388191648906780329939221722314310521745994,12669
CRT_886,2022,2025,total_hours,declining,-27.1528928881521824926987133949009393006551424737548346357250,-27.1528928881521824926987133949009393006551424737548346357250,12669
CRT_887,2022,2025,staff_service_hours,declining,-9.63803812379524523452559434568430070678946241165131719854359,-9.63803812379524523452559434568430070678946241165131719854359,4669
CRT_887,2022,2025,total_hours,declining,133.647461983294067252088241593488969800813878774898265153138,133.647461983294067252088241593488969800813878774898265153138,4669
CRT_889,2022,2025,staff_service_hours,declining,-5.84112149532710280373831775700934579439252336448598130841121,-5.84112149532710280373831775700934579439252336448598130841121,2568
CRT_889,2022,2025,total_hours,declining,-26.4797507788161993769470404984423676012461059190031152647975,-26.4797507788161993769470404984423676012461059190031152647975,2568
CRT_890,2022,2025,staff_service_hours,declining,-239.795918367346938775510204081632653061224489795918367346939,-239.795918367346938775510204081632653061224489795918367346939,1176
CRT_890,2022,2025,total_hours,declining,2285.71428571428571428571428571428571428571428571428571428571,2285.71428571428571428571428571428571428571428571428571428571,1176
CRT_892,2022,2025,staff_service_hours,declining,-39.9009356081452944413869014859658778205833791964777105118327,-39.9009356081452944413869014859658778205833791964777105118327,3634
CRT_892,2022,2025,total_hours,declining,-86.4061640066042927903137039075399009356081452944413869014860,-86.4061640066042927903137039075399009356081452944413869014860,3634
CRT_893,2022,2025,staff_service_hours,declining,-45.8850206749366413231959450446845404828598105909030278778178,-45.8850206749366413231959450446845404828598105909030278778178,7497
CRT_893,2022,2025,total_hours,declining,220.621581966119781245831665999733226623982926503934907296252,220.621581966119781245831665999733226623982926503934907296252,7497
CRT_895,2022,2025,staff_service_hours,nondeclining,-18.5604345857854232684472612041647804436396559529198732458126,-18.5604345857854232684472612041647804436396559529198732458126,15463
CRT_895,2022,2025,total_hours,nondeclining,-15.7149324193235465304274720300071137554161546918450494729354,-15.7149324193235465304274720300071137554161546918450494729354,15463
CRT_905,2022,2025,staff_service_hours,declining,-6.18206019374399171781409450565702876580640390445906973304740,-6.18206019374399171781409450565702876580640390445906973304740,67615
CRT_905,2022,2025,total_hours,declining,30.4961916734452414405087628484803667825186718923315832285735,30.4961916734452414405087628484803667825186718923315832285735,67615
CRT_908,2022,2025,staff_service_hours,declining,-6.33003140855279052911331239429813964725779173713457356849481,-6.33003140855279052911331239429813964725779173713457356849481,20695
CRT_908,2022,2025,total_hours,declining,7.63469437062092292824353708625271804783764194249818796810824,7.63469437062092292824353708625271804783764194249818796810824,20695
CRT_915,2022,2025,staff_service_hours,declining,-18.5250087618284684323837180193260902217994292294597706904321,-18.5250087618284684323837180193260902217994292294597706904321,19973
CRT_915,2022,2025,total_hours,declining,-17.9742652580984328843939318079407199719621489010163721023382,-17.9742652580984328843939318079407199719621489010163721023382,19973
CRT_918,2022,2025,staff_service_hours,declining,-22.8974020255394099515631880228974020255394099515631880228974,-22.8974020255394099515631880228974020255394099515631880228974,2271
CRT_918,2022,2025,total_hours,declining,0,0,2271
CRT_921,2022,2025,staff_service_hours,declining,74.7037609479649665121071612570839773312725399278722308088614,74.7037609479649665121071612570839773312725399278722308088614,1941
CRT_921,2022,2025,total_hours,declining,-131.375579598145285935085007727975270479134466769706336939722,-131.375579598145285935085007727975270479134466769706336939722,1941
CRT_922,2022,2025,staff_service_hours,declining,22.5022502250225022502250225022502250225022502250225022502250,22.5022502250225022502250225022502250225022502250225022502250,4444
CRT_922,2022,2025,total_hours,declining,116.111611161116111611161116111611161116111611161116111611161,116.111611161116111611161116111611161116111611161116111611161,4444
CRT_924,2022,2025,staff_service_hours,declining,-119.174434087882822902796271637816245006657789613848202396804,-119.174434087882822902796271637816245006657789613848202396804,3004
CRT_924,2022,2025,total_hours,declining,691.078561917443408788282290279627163781624500665778961384820,691.078561917443408788282290279627163781624500665778961384820,3004
CRT_925,2022,2025,staff_service_hours,declining,2.00573065902578796561604584527220630372492836676217765042980,2.00573065902578796561604584527220630372492836676217765042980,3490
CRT_925,2022,2025,total_hours,declining,-1965.32951289398280802292263610315186246418338108882521489971,-1965.32951289398280802292263610315186246418338108882521489971,3490
CRT_927,2022,2025,staff_service_hours,nondeclining,-0.342008960634768630938130579021170354663292178255070282841410,-0.342008960634768630938130579021170354663292178255070282841410,29239
CRT_927,2022,2025,total_hours,nondeclining,15.9376175655802182017168849823865385273094155066862751804097,15.9376175655802182017168849823865385273094155066862751804097,29239
CRT_934,2022,2025,staff_service_hours,declining,8.70827285921625544267053701015965166908563134978229317851959,8.70827285921625544267053701015965166908563134978229317851959,2756
CRT_934,2022,2025,total_hours,declining,-227.866473149492017416545718432510885341074020319303338171263,-227.866473149492017416545718432510885341074020319303338171263,2756
CRT_935,2022,2025,staff_service_hours,declining,-34.5394736842105263157894736842105263157894736842105263157895,-34.5394736842105263157894736842105263157894736842105263157895,3040
CRT_935,2022,2025,total_hours,declining,8.22368421052631578947368421052631578947368421052631578947368,8.22368421052631578947368421052631578947368421052631578947368,3040
CRT_936,2022,2025,staff_service_hours,declining,-33.1013147718484145398298530549110595514307811291569992266048,-33.1013147718484145398298530549110595514307811291569992266048,6465
CRT_936,2022,2025,total_hours,declining,60.6341840680587780355761794276875483372003093580819798917247,60.6341840680587780355761794276875483372003093580819798917247,6465
CRT_946,2022,2025,staff_service_hours,declining,-2.19573400250941028858218318695106649937264742785445420326223,-2.19573400250941028858218318695106649937264742785445420326223,6376
CRT_946,2022,2025,total_hours,declining,564.303638644918444165621079046424090338770388958594730238394,564.303638644918444165621079046424090338770388958594730238394,6376
CRT_977,2022,2025,staff_service_hours,nondeclining,-5.66516897831607735885915217815979683531939831998437194764602,-5.66516897831607735885915217815979683531939831998437194764602,15357
CRT_977,2022,2025,total_hours,nondeclining,-1.30233769616461548479520739727811421501595363677801653968874,-1.30233769616461548479520739727811421501595363677801653968874,15357
CRT_980,2022,2025,staff_service_hours,nondeclining,-47.4159782900426445590910446425908806250559150687382578355650,-47.4159782900426445590910446425908806250559150687382578355650,33533
CRT_980,2022,2025,total_hours,nondeclining,-15.3580055467748188351772880446127695106313184027674231354188,-15.3580055467748188351772880446127695106313184027674231354188,33533
CRT_981,2022,2025,staff_service_hours,declining,-27.6073619631901840490797546012269938650306748466257668711656,-27.6073619631901840490797546012269938650306748466257668711656,2282
CRT_981,2022,2025,total_hours,declining,361.524978089395267309377738825591586327782646801051709027169,361.524978089395267309377738825591586327782646801051709027169,2282
CRT_989,2022,2025,staff_service_hours,declining,-57.6221735959153902261123267687819110138584974471188913202042,-57.6221735959153902261123267687819110138584974471188913202042,5484
CRT_989,2022,2025,total_hours,declining,-53.2458059810357403355215171407731582786287381473377097009482,-53.2458059810357403355215171407731582786287381473377097009482,5484
CRT_992,2022,2025,staff_service_hours,declining,-12.8289114532154165301888852494813844306146959275030025111912,-12.8289114532154165301888852494813844306146959275030025111912,18318
CRT_992,2022,2025,total_hours,declining,13.6477781417185282236051970739163664155475488590457473523310,13.6477781417185282236051970739163664155475488590457473523310,18318
CRT_005,2023,2025,staff_service_hours,declining,-46.3967350445709376006873590376973472237138868005584792181291,-46.3967350445709376006873590376973472237138868005584792181291,9311
CRT_005,2023,2025,total_hours,declining,-160.562775212114703039415744817957254859843196219525292664590,-160.562775212114703039415744817957254859843196219525292664590,9311
CRT_009,2023,2025,staff_service_hours,declining,4.81734243275792854275391409072661581694098755519871537535126,4.81734243275792854275391409072661581694098755519871537535126,2491
CRT_009,2023,2025,total_hours,declining,189.482135688478522681653954235246888799678843837816138097150,189.482135688478522681653954235246888799678843837816138097150,2491
CRT_010,2023,2025,staff_service_hours,declining,-9.64544074305617576136465124586942931142270250960078592480129,-9.64544074305617576136465124586942931142270250960078592480129,11197
CRT_010,2023,2025,total_hours,declining,1.96481200321514691435205858712155041528980977047423416986693,1.96481200321514691435205858712155041528980977047423416986693,11197
CRT_016,2023,2025,staff_service_hours,declining,-1.86729739823229179634009709946470807917340968504917216482012,-1.86729739823229179634009709946470807917340968504917216482012,8033
CRT_016,2023,2025,total_hours,declining,0,0,8033
CRT_018,2023,2025,staff_service_hours,declining,-41.6752630493088508355683928203012172477821332783164844233547,-41.6752630493088508355683928203012172477821332783164844233547,4847
CRT_018,2023,2025,total_hours,declining,638.539302661440066020218691974417165256859913348462966783577,638.539302661440066020218691974417165256859913348462966783577,4847
CRT_019,2023,2025,staff_service_hours,declining,-12.1365360303413400758533501896333754740834386852085967130215,-12.1365360303413400758533501896333754740834386852085967130215,3955
CRT_019,2023,2025,total_hours,declining,233.122629582806573957016434892541087231352718078381795195954,233.122629582806573957016434892541087231352718078381795195954,3955
CRT_020,2023,2025,staff_service_hours,declining,0.425092609461346936296836096435294832088419262767960162749742,0.425092609461346936296836096435294832088419262767960162749742,16467
CRT_020,2023,2025,total_hours,declining,91.5770935811015971336612619177749438270480354648691322038015,91.5770935811015971336612619177749438270480354648691322038015,16467
CRT_046,2023,2025,staff_service_hours,declining,0,0,1362
CRT_046,2023,2025,total_hours,declining,-259.911894273127753303964757709251101321585903083700440528634,-259.911894273127753303964757709251101321585903083700440528634,1362
CRT_047,2023,2025,staff_service_hours,declining,77.1380659586361095584125209614309670206819452207937395192845,77.1380659586361095584125209614309670206819452207937395192845,1789
CRT_047,2023,2025,total_hours,declining,24.5947456679709334823923979877026271660145332588038010061487,24.5947456679709334823923979877026271660145332588038010061487,1789
CRT_049,2023,2025,staff_service_hours,nondeclining,-14.7207301805258269052138443520051694196518718953192520495941,-14.7207301805258269052138443520051694196518718953192520495941,297132
CRT_049,2023,2025,total_hours,nondeclining,-18.6651050711468303649556426100184429815704804598629565311040,-18.6651050711468303649556426100184429815704804598629565311040,297132
CRT_050,2023,2025,staff_service_hours,declining,-3.85390207585179994744678987474818253481650170797932907068407,-3.85390207585179994744678987474818253481650170797932907068407,11417
CRT_050,2023,2025,total_hours,declining,-7.35744941753525444512568976088289393010423053341508277130595,-7.35744941753525444512568976088289393010423053341508277130595,11417
CRT_051,2023,2025,staff_service_hours,declining,1.82129847868009427898007285193914720377115920291407756588815,1.82129847868009427898007285193914720377115920291407756588815,9334
CRT_051,2023,2025,total_hours,declining,3.96400257124491107778015856010284979644311120634240411399186,3.96400257124491107778015856010284979644311120634240411399186,9334
CRT_052,2023,2025,staff_service_hours,declining,-12.0632279534109816971713810316139767054908485856905158069884,-12.0632279534109816971713810316139767054908485856905158069884,2404
CRT_052,2023,2025,total_hours,declining,-26.2063227953410981697171381031613976705490848585690515806988,-26.2063227953410981697171381031613976705490848585690515806988,2404
CRT_061,2023,2025,staff_service_hours,declining,1.68949496168466783322271163941350389187232245218125867374646,1.68949496168466783322271163941350389187232245218125867374646,16573
CRT_061,2023,2025,total_hours,declining,4.52543293308393169613226331985759971037229228262837144753515,4.52543293308393169613226331985759971037229228262837144753515,16573
CRT_069+626,2023,2025,staff_service_hours,declining,-78.7863335033146353901070882202957674655787863335033146353901,-78.7863335033146353901070882202957674655787863335033146353901,11766
CRT_069+626,2023,2025,total_hours,declining,-78.9563148053714091449940506544280129185789563148053714091450,-78.9563148053714091449940506544280129185789563148053714091450,11766
CRT_071+535,2023,2025,staff_service_hours,declining,-60.0270445058498442001293432888470809571403374683990828384973,-60.0270445058498442001293432888470809571403374683990828384973,17009
CRT_071+535,2023,2025,total_hours,declining,-68.0228114527603033688047504262449291551531542124757481333412,-68.0228114527603033688047504262449291551531542124757481333412,17009
CRT_072,2023,2025,staff_service_hours,declining,69.4736842105263157894736842105263157894736842105263157894737,69.4736842105263157894736842105263157894736842105263157894737,950
CRT_072,2023,2025,total_hours,declining,516.842105263157894736842105263157894736842105263157894736842,516.842105263157894736842105263157894736842105263157894736842,950
CRT_074,2023,2025,staff_service_hours,declining,-252.077562326869806094182825484764542936288088642659279778393,-252.077562326869806094182825484764542936288088642659279778393,1083
CRT_074,2023,2025,total_hours,declining,361.034164358264081255771006463527239150507848568790397045245,361.034164358264081255771006463527239150507848568790397045245,1083
CRT_075,2023,2025,staff_service_hours,declining,-51.2638310831387676378032687036849050857780935945589280276114,-51.2638310831387676378032687036849050857780935945589280276114,19702
CRT_075,2023,2025,total_hours,declining,-82.1236422698203228098670185767942340879098568673231144046290,-82.1236422698203228098670185767942340879098568673231144046290,19702
CRT_077,2023,2025,staff_service_hours,declining,34.1661328208413410207132180226350629938073884262225069399957,34.1661328208413410207132180226350629938073884262225069399957,4683
CRT_077,2023,2025,total_hours,declining,564.381806534272901985906470211402946828955797565663036515054,564.381806534272901985906470211402946828955797565663036515054,4683
CRT_078,2023,2025,staff_service_hours,declining,-19.0500062664494297531018924677277854367715252537912019050006,-19.0500062664494297531018924677277854367715252537912019050006,7979
CRT_078,2023,2025,total_hours,declining,-184.108284246146133600701842336132347411956385511968918410828,-184.108284246146133600701842336132347411956385511968918410828,7979
CRT_079,2023,2025,staff_service_hours,declining,-8.54826823876197494473102431834929992630803242446573323507738,-8.54826823876197494473102431834929992630803242446573323507738,6785
CRT_079,2023,2025,total_hours,declining,-8.40088430361090641120117907148120854826823876197494473102432,-8.40088430361090641120117907148120854826823876197494473102432,6785
CRT_081,2023,2025,staff_service_hours,declining,-57.2300648607401755055322396032048836322014498283098054177795,-57.2300648607401755055322396032048836322014498283098054177795,2621
CRT_081,2023,2025,total_hours,declining,-60.6638687523845860358641739793971766501335368180083937428462,-60.6638687523845860358641739793971766501335368180083937428462,2621
CRT_082,2023,2025,staff_service_hours,declining,-4.04040404040404040404040404040404040404040404040404040404040,-4.04040404040404040404040404040404040404040404040404040404040,9405
CRT_082,2023,2025,total_hours,declining,-4.04040404040404040404040404040404040404040404040404040404040,-4.04040404040404040404040404040404040404040404040404040404040,9405
CRT_086,2023,2025,staff_service_hours,declining,-14.4909738425641655409554218347046543043104506938474763600639,-14.4909738425641655409554218347046543043104506938474763600639,8143
CRT_086,2023,2025,total_hours,declining,-11.7892668549674567112857669163698882475746039543165909370011,-11.7892668549674567112857669163698882475746039543165909370011,8143
CRT_090,2023,2025,staff_service_hours,declining,-34.7576530612244897959183673469387755102040816326530612244898,-34.7576530612244897959183673469387755102040816326530612244898,3136
CRT_090,2023,2025,total_hours,declining,111.926020408163265306122448979591836734693877551020408163265,111.926020408163265306122448979591836734693877551020408163265,3136
CRT_091,2023,2025,staff_service_hours,nondeclining,8.99223487638524611326176196775188053282142949349767714520462,8.99223487638524611326176196775188053282142949349767714520462,658457
CRT_091,2023,2025,total_hours,nondeclining,38.2788853334386300092488955239294289528397450402987590685497,38.2788853334386300092488955239294289528397450402987590685497,658457
CRT_092+753,2023,2025,staff_service_hours,nondeclining,0.543237080904068922248236392293684677653827908613750784250715,0.543237080904068922248236392293684677653827908613750784250715,261396
CRT_092+753,2023,2025,total_hours,nondeclining,5.98708472968216805153866164746208817273408927451070406586176,5.98708472968216805153866164746208817273408927451070406586176,261396
CRT_097+491+507+588+623,2023,2025,staff_service_hours,declining,-17.9735738189131015412653773036497038445223020000314223318512,-17.9735738189131015412653773036497038445223020000314223318512,63649
CRT_097+491+507+588+623,2023,2025,total_hours,declining,-40.7076309132900752564847837358010337947179060158054329211771,-40.7076309132900752564847837358010337947179060158054329211771,63649
CRT_098+316,2023,2025,staff_service_hours,declining,-34.7173952807755624657033107737333089445765502103530272544357,-34.7173952807755624657033107737333089445765502103530272544357,27335
CRT_098+316,2023,2025,total_hours,declining,66.2886409365282604719224437534296689226266691055423449789647,66.2886409365282604719224437534296689226266691055423449789647,27335
CRT_099+214,2023,2025,staff_service_hours,declining,-49.9131258884852314010424893381772231874901279418733217501185,-49.9131258884852314010424893381772231874901279418733217501185,12662
CRT_099+214,2023,2025,total_hours,declining,54.3358079292370873479703048491549518243563418101405781077239,54.3358079292370873479703048491549518243563418101405781077239,12662
CRT_102,2023,2025,staff_service_hours,declining,-24.5187436676798378926038500506585612968591691995947315096251,-24.5187436676798378926038500506585612968591691995947315096251,9870
CRT_102,2023,2025,total_hours,declining,-97.3657548125633232016210739614994934143870314083080040526849,-97.3657548125633232016210739614994934143870314083080040526849,9870
CRT_103,2023,2025,staff_service_hours,declining,5.30932594644506001846722068328716528162511542012927054478301,5.30932594644506001846722068328716528162511542012927054478301,2166
CRT_103,2023,2025,total_hours,declining,18.4672206832871652816251154201292705447830101569713758079409,18.4672206832871652816251154201292705447830101569713758079409,2166
CRT_105,2023,2025,staff_service_hours,declining,-44.4132772323515661524076671341748480598410472183263207106124,-44.4132772323515661524076671341748480598410472183263207106124,2139
CRT_105,2023,2025,total_hours,declining,302.477793361383824216923796166432912575970079476390836839645,302.477793361383824216923796166432912575970079476390836839645,2139
CRT_106,2023,2025,staff_service_hours,nondeclining,-24.9786689419795221843003412969283276450511945392491467576792,-24.9786689419795221843003412969283276450511945392491467576792,46880
CRT_106,2023,2025,total_hours,nondeclining,-19.0059726962457337883959044368600682593856655290102389078498,-19.0059726962457337883959044368600682593856655290102389078498,46880
CRT_108,2023,2025,staff_service_hours,declining,1.74131759698171616523169198026506723420721679404082422366257,1.74131759698171616523169198026506723420721679404082422366257,10337
CRT_108,2023,2025,total_hours,declining,-7.54570958692077004933733191448195801489793944084357163587114,-7.54570958692077004933733191448195801489793944084357163587114,10337
CRT_109,2023,2025,staff_service_hours,nondeclining,-8.63603595651086492768975004045843080137117300025010666313575,-8.63603595651086492768975004045843080137117300025010666313575,67971
CRT_109,2023,2025,total_hours,nondeclining,137.838195701107825396124817937061393829721498874520015889129,137.838195701107825396124817937061393829721498874520015889129,67971
CRT_111,2023,2025,staff_service_hours,declining,30.7457479284779764500654164849542084605320540776275621456607,30.7457479284779764500654164849542084605320540776275621456607,18344
CRT_111,2023,2025,total_hours,declining,135.739206279982555604012211077191452245965983427823811600523,135.739206279982555604012211077191452245965983427823811600523,18344
CRT_139+564,2023,2025,staff_service_hours,nondeclining,-13.5467026332456951741295799291907975376259323895144056173478,-13.5467026332456951741295799291907975376259323895144056173478,219463
CRT_139+564,2023,2025,total_hours,nondeclining,-10.9722367779534591252283984088434041273472065906325895481243,-10.9722367779534591252283984088434041273472065906325895481243,219463
CRT_140,2023,2025,staff_service_hours,declining,-15.5549193625345929955148392022139517129497089416929096287814,-15.5549193625345929955148392022139517129497089416929096287814,20958
CRT_140,2023,2025,total_hours,declining,-64.5576868021757801316919553392499284282851417119954194102491,-64.5576868021757801316919553392499284282851417119954194102491,20958
CRT_142,2023,2025,staff_service_hours,declining,-94.8315291965238603445647202317426436956853178838237536209788,-94.8315291965238603445647202317426436956853178838237536209788,6559
CRT_142,2023,2025,total_hours,declining,-397.469126391218173502058240585455099862783960969660009147736,-397.469126391218173502058240585455099862783960969660009147736,6559
CRT_143,2023,2025,staff_service_hours,declining,-2.90824487421840919005380253017304057001599534680820125054530,-2.90824487421840919005380253017304057001599534680820125054530,6877
CRT_143,2023,2025,total_hours,declining,2.18118365566380689254035189762978042751199651010615093790897,2.18118365566380689254035189762978042751199651010615093790897,6877
CRT_145,2023,2025,staff_service_hours,nondeclining,3.39640950994662785055798156234837457544881125667151868025230,3.39640950994662785055798156234837457544881125667151868025230,12366
CRT_145,2023,2025,total_hours,nondeclining,-2.42600679281901989325570111596312469674915089762251334303736,-2.42600679281901989325570111596312469674915089762251334303736,12366
CRT_146,2023,2025,staff_service_hours,declining,-17.8763730346758561275037691147964678009907387465001076889942,-17.8763730346758561275037691147964678009907387465001076889942,4643
CRT_146,2023,2025,total_hours,declining,-17.8763730346758561275037691147964678009907387465001076889942,-17.8763730346758561275037691147964678009907387465001076889942,4643
CRT_148,2023,2025,staff_service_hours,nondeclining,-88.3276255707762557077625570776255707762557077625570776255708,-88.3276255707762557077625570776255707762557077625570776255708,7008
CRT_148,2023,2025,total_hours,nondeclining,-85.0456621004566210045662100456621004566210045662100456621005,-85.0456621004566210045662100456621004566210045662100456621005,7008
CRT_149,2023,2025,staff_service_hours,declining,-48.3840836913880067252008219689893517653652157668597048384084,-48.3840836913880067252008219689893517653652157668597048384084,5353
CRT_149,2023,2025,total_hours,declining,-0.934055669717915187745189613300952736783112273491500093405567,-0.934055669717915187745189613300952736783112273491500093405567,5353
CRT_151,2023,2025,staff_service_hours,declining,-35.4309888947646747752511898466419883659439450026441036488630,-35.4309888947646747752511898466419883659439450026441036488630,1891
CRT_151,2023,2025,total_hours,declining,-152.300370174510840824960338445267054468535166578529878371232,-152.300370174510840824960338445267054468535166578529878371232,1891
CRT_152,2023,2025,staff_service_hours,declining,-2.23214285714285714285714285714285714285714285714285714285714,-2.23214285714285714285714285714285714285714285714285714285714,4480
CRT_152,2023,2025,total_hours,declining,0,0,4480
CRT_153,2023,2025,staff_service_hours,declining,-3.54706684856753069577080491132332878581173260572987721691678,-3.54706684856753069577080491132332878581173260572987721691678,25655
CRT_153,2023,2025,total_hours,declining,-20.4248684466965503800428766322354316897290976417852270512571,-20.4248684466965503800428766322354316897290976417852270512571,25655
CRT_165,2023,2025,staff_service_hours,declining,-82.1297429620563035495716034271725826193390452876376988984088,-82.1297429620563035495716034271725826193390452876376988984088,16340
CRT_165,2023,2025,total_hours,declining,-31.9461444308445532435740514075887392900856793145654834761322,-31.9461444308445532435740514075887392900856793145654834761322,16340
CRT_167+276+309+426+607,2023,2025,staff_service_hours,nondeclining,-28.9798333072332132727810547928520471194167493170468584155487,-28.9798333072332132727810547928520471194167493170468584155487,114942
CRT_167+276+309+426+607,2023,2025,total_hours,nondeclining,-15.7035722364322875885229072053731447164656957422004141219050,-15.7035722364322875885229072053731447164656957422004141219050,114942
CRT_169,2023,2025,staff_service_hours,declining,-10.1070154577883472057074910820451843043995243757431629013080,-10.1070154577883472057074910820451843043995243757431629013080,5046
CRT_169,2023,2025,total_hours,declining,-2.37812128418549346016646848989298454221165279429250891795482,-2.37812128418549346016646848989298454221165279429250891795482,5046
CRT_171+178+681,2023,2025,staff_service_hours,declining,1.64366736507477783397153384871035329817209739180695036485803,1.64366736507477783397153384871035329817209739180695036485803,13841
CRT_171+178+681,2023,2025,total_hours,declining,46.9619247164222238277581099631529513763456397659128675673723,46.9619247164222238277581099631529513763456397659128675673723,13841
CRT_172,2023,2025,staff_service_hours,declining,-40.8163265306122448979591836734693877551020408163265306122449,-40.8163265306122448979591836734693877551020408163265306122449,4263
CRT_172,2023,2025,total_hours,declining,57.0021111893033075299085151301900070372976776917663617171006,57.0021111893033075299085151301900070372976776917663617171006,4263
CRT_176,2023,2025,staff_service_hours,declining,0,0,4444
CRT_176,2023,2025,total_hours,declining,3.82538253825382538253825382538253825382538253825382538253825,3.82538253825382538253825382538253825382538253825382538253825,4444
CRT_177,2023,2025,staff_service_hours,declining,13.4378499440089585666293393057110862262038073908174692049272,13.4378499440089585666293393057110862262038073908174692049272,1786
CRT_177,2023,2025,total_hours,declining,-4.47928331466965285554311310190369540873460246360582306830907,-4.47928331466965285554311310190369540873460246360582306830907,1786
CRT_179,2023,2025,staff_service_hours,nondeclining,-4.53371910322343967384909291009392758508510240667806441341981,-4.53371910322343967384909291009392758508510240667806441341981,144473
CRT_179,2023,2025,total_hours,nondeclining,9.30969800585576543714050376194859939227398891142289562755671,9.30969800585576543714050376194859939227398891142289562755671,144473
CRT_181,2023,2025,staff_service_hours,declining,-274.183976261127596439169139465875370919881305637982195845697,-274.183976261127596439169139465875370919881305637982195845697,1685
CRT_181,2023,2025,total_hours,declining,1693.76854599406528189910979228486646884272997032640949554896,1693.76854599406528189910979228486646884272997032640949554896,1685
CRT_182,2023,2025,staff_service_hours,declining,-26.5088278443871098295138361916325188445388779278595639196641,-26.5088278443871098295138361916325188445388779278595639196641,19767
CRT_182,2023,2025,total_hours,declining,-62.4272777862093387969848737795315424697728537461425608337128,-62.4272777862093387969848737795315424697728537461425608337128,19767
CRT_186,2023,2025,staff_service_hours,nondeclining,1.37089284924600893291469508689691770220669526378631760491753,1.37089284924600893291469508689691770220669526378631760491753,45226
CRT_186,2023,2025,total_hours,nondeclining,8.33591297041524786627161367355061247954716313624906027506302,8.33591297041524786627161367355061247954716313624906027506302,45226
CRT_202,2023,2025,staff_service_hours,nondeclining,-54.0609065554835619911541820435529763078570020001690283685945,-54.0609065554835619911541820435529763078570020001690283685945,35497
CRT_202,2023,2025,total_hours,nondeclining,-53.2439361072766712679944784066259120489055413133504239794912,-53.2439361072766712679944784066259120489055413133504239794912,35497
CRT_204+297+857,2023,2025,staff_service_hours,nondeclining,-0.118351598930101545671882027126186474779274267995360617321940,-0.118351598930101545671882027126186474779274267995360617321940,126741
CRT_204+297+857,2023,2025,total_hours,nondeclining,16.4193118249027544362124332299729369343779834465563629764638,16.4193118249027544362124332299729369343779834465563629764638,126741
CRT_205,2023,2025,staff_service_hours,declining,-27.8135532841914887786698818951579755021510974707478146493848,-27.8135532841914887786698818951579755021510974707478146493848,36493
CRT_205,2023,2025,total_hours,declining,-46.2006412188638917052585427342230016715534486065820842353328,-46.2006412188638917052585427342230016715534486065820842353328,36493
CRT_208,2023,2025,staff_service_hours,declining,6.14324846922333225910409281340638092168868836609732516919111,6.14324846922333225910409281340638092168868836609732516919111,12412
CRT_208,2023,2025,total_hours,declining,-10.4535932968095391556558169513374154044473090557524975829842,-10.4535932968095391556558169513374154044473090557524975829842,12412
CRT_211,2023,2025,staff_service_hours,nondeclining,2.29906198271105389001287474710318190178407209858377781864999,2.29906198271105389001287474710318190178407209858377781864999,32622
CRT_211,2023,2025,total_hours,nondeclining,5.67101955735393292869842437618784869106737784317331861933664,5.67101955735393292869842437618784869106737784317331861933664,32622
CRT_213,2023,2025,staff_service_hours,declining,-43.2122370936902485659655831739961759082217973231357552581262,-43.2122370936902485659655831739961759082217973231357552581262,5230
CRT_213,2023,2025,total_hours,declining,2.86806883365200764818355640535372848948374760994263862332696,2.86806883365200764818355640535372848948374760994263862332696,5230
CRT_216,2023,2025,staff_service_hours,declining,-12.5858123569794050343249427917620137299771167048054919908467,-12.5858123569794050343249427917620137299771167048054919908467,1311
CRT_216,2023,2025,total_hours,declining,-216.628527841342486651411136536994660564454614797864225781846,-216.628527841342486651411136536994660564454614797864225781846,1311
CRT_217,2023,2025,staff_service_hours,declining,-29.6846011131725417439703153988868274582560296846011131725417,-29.6846011131725417439703153988868274582560296846011131725417,5390
CRT_217,2023,2025,total_hours,declining,286.456400742115027829313543599257884972170686456400742115028,286.456400742115027829313543599257884972170686456400742115028,5390
CRT_218,2023,2025,staff_service_hours,declining,49.4966442953020134228187919463087248322147651006711409395973,49.4966442953020134228187919463087248322147651006711409395973,1192
CRT_218,2023,2025,total_hours,declining,-277.684563758389261744966442953020134228187919463087248322148,-277.684563758389261744966442953020134228187919463087248322148,1192
CRT_224,2023,2025,staff_service_hours,declining,-12.9631754043822415968796604336354250315475507628771366295744,-12.9631754043822415968796604336354250315475507628771366295744,8717
CRT_224,2023,2025,total_hours,declining,-197.659745325226568773660663072157852472180796145462888608466,-197.659745325226568773660663072157852472180796145462888608466,8717
CRT_226,2023,2025,staff_service_hours,declining,1.58982511923688394276629570747217806041335453100158982511924,1.58982511923688394276629570747217806041335453100158982511924,3774
CRT_226,2023,2025,total_hours,declining,-917.329093799682034976152623211446740858505564387917329093800,-917.329093799682034976152623211446740858505564387917329093800,3774
CRT_230,2023,2025,staff_service_hours,declining,-6.98689956331877729257641921397379912663755458515283842794760,-6.98689956331877729257641921397379912663755458515283842794760,2290
CRT_230,2023,2025,total_hours,declining,1859.82532751091703056768558951965065502183406113537117903930,1859.82532751091703056768558951965065502183406113537117903930,2290
CRT_231,2023,2025,staff_service_hours,declining,-96.9743987587276958882854926299456943366951124903025601241272,-96.9743987587276958882854926299456943366951124903025601241272,1289
CRT_231,2023,2025,total_hours,declining,-96.9743987587276958882854926299456943366951124903025601241272,-96.9743987587276958882854926299456943366951124903025601241272,1289
CRT_232,2023,2025,staff_service_hours,declining,-37.9363847944142746314972847168347556245151280062063615205586,-37.9363847944142746314972847168347556245151280062063615205586,12890
CRT_232,2023,2025,total_hours,declining,-266.408068269976726144297905352986811481768813033359193173002,-266.408068269976726144297905352986811481768813033359193173002,12890
CRT_233,2023,2025,staff_service_hours,declining,-89.9294670846394984326018808777429467084639498432601880877743,-89.9294670846394984326018808777429467084639498432601880877743,15312
CRT_233,2023,2025,total_hours,declining,-163.466562173458725182863113897596656217345872518286311389760,-163.466562173458725182863113897596656217345872518286311389760,15312
CRT_235,2023,2025,staff_service_hours,nondeclining,-17.9876875721431319738360908041554444016929588303193535975375,-17.9876875721431319738360908041554444016929588303193535975375,10396
CRT_235,2023,2025,total_hours,nondeclining,-34.9172758753366679492112350904193920738745671412081569834552,-34.9172758753366679492112350904193920738745671412081569834552,10396
CRT_236,2023,2025,staff_service_hours,declining,-4.45662535748331744518589132507149666348903717826501429933270,-4.45662535748331744518589132507149666348903717826501429933270,4196
CRT_236,2023,2025,total_hours,declining,-1.72783603431839847473784556720686367969494756911344137273594,-1.72783603431839847473784556720686367969494756911344137273594,4196
CRT_239,2023,2025,staff_service_hours,declining,-20.5250596658711217183770883054892601431980906921241050119332,-20.5250596658711217183770883054892601431980906921241050119332,2095
CRT_239,2023,2025,total_hours,declining,-37.2315035799522673031026252983293556085918854415274463007160,-37.2315035799522673031026252983293556085918854415274463007160,2095
CRT_240,2023,2025,staff_service_hours,declining,19.0671604443999599639675708137323591232108898008207386647983,19.0671604443999599639675708137323591232108898008207386647983,19982
CRT_240,2023,2025,total_hours,declining,18.4165749174256831148033229906916224602141927734961465318787,18.4165749174256831148033229906916224602141927734961465318787,19982
CRT_241,2023,2025,staff_service_hours,declining,-5.06072874493927125506072874493927125506072874493927125506073,-5.06072874493927125506072874493927125506072874493927125506073,7904
CRT_241,2023,2025,total_hours,declining,-3.28947368421052631578947368421052631578947368421052631578947,-3.28947368421052631578947368421052631578947368421052631578947,7904
CRT_244,2023,2025,staff_service_hours,nondeclining,27.5685289809583594894329357606193764385854781335007323707889,27.5685289809583594894329357606193764385854781335007323707889,19116
CRT_244,2023,2025,total_hours,nondeclining,42.6867545511613308223477715003138731952291274325172630257376,42.6867545511613308223477715003138731952291274325172630257376,19116
CRT_245,2023,2025,staff_service_hours,nondeclining,1.85324452084228620541469703480876665234207133648474430597336,1.85324452084228620541469703480876665234207133648474430597336,37232
CRT_245,2023,2025,total_hours,nondeclining,4.61968199398366996132359260850880962612806188225182638590460,4.61968199398366996132359260850880962612806188225182638590460,37232
CRT_249,2023,2025,staff_service_hours,declining,-33.0403473472413427936037276289314836386741501641427512443080,-33.0403473472413427936037276289314836386741501641427512443080,9443
CRT_249,2023,2025,total_hours,declining,48.5015355289632532034311129937519855977973101768505771470931,48.5015355289632532034311129937519855977973101768505771470931,9443
CRT_250,2023,2025,staff_service_hours,declining,-147.123893805309734513274336283185840707964601769911504424779,-147.123893805309734513274336283185840707964601769911504424779,1808
CRT_250,2023,2025,total_hours,declining,-130.530973451327433628318584070796460176991150442477876106195,-130.530973451327433628318584070796460176991150442477876106195,1808
CRT_256,2023,2025,staff_service_hours,declining,12.6502213788741302972802024035420619860847564832384566729918,12.6502213788741302972802024035420619860847564832384566729918,1581
CRT_256,2023,2025,total_hours,declining,-262.492093611638203668564199873497786211258697027197975964579,-262.492093611638203668564199873497786211258697027197975964579,1581
CRT_257,2023,2025,staff_service_hours,nondeclining,-0.247322731432245937724136225360472881062498454232928548462889,-0.247322731432245937724136225360472881062498454232928548462889,40433
CRT_257,2023,2025,total_hours,nondeclining,1.08822001830188212598619939158608067667499319862488561323671,1.08822001830188212598619939158608067667499319862488561323671,40433
CRT_260,2023,2025,staff_service_hours,declining,-13.5668725321453882757922446086868482332692112989774222942189,-13.5668725321453882757922446086868482332692112989774222942189,9877
CRT_260,2023,2025,total_hours,declining,30.6773311734332287131720157942695150349296345044041713070770,30.6773311734332287131720157942695150349296345044041713070770,9877
CRT_261,2023,2025,staff_service_hours,nondeclining,-78.0315805610915223056875670703663958301395063621033266901732,-78.0315805610915223056875670703663958301395063621033266901732,6523
CRT_261,2023,2025,total_hours,nondeclining,340.487505748888548214011957688180285144871991414993101333742,340.487505748888548214011957688180285144871991414993101333742,6523
CRT_263,2023,2025,staff_service_hours,declining,2.44876917128495940198479185462044077845083129269235726253383,2.44876917128495940198479185462044077845083129269235726253383,7759
CRT_263,2023,2025,total_hours,declining,2.57765175924732568629978089960046397731666451862353396056193,2.57765175924732568629978089960046397731666451862353396056193,7759
CRT_265,2023,2025,staff_service_hours,declining,-37.6838235294117647058823529411764705882352941176470588235294,-37.6838235294117647058823529411764705882352941176470588235294,1088
CRT_265,2023,2025,total_hours,declining,113.051470588235294117647058823529411764705882352941176470588,113.051470588235294117647058823529411764705882352941176470588,1088
CRT_271,2023,2025,staff_service_hours,declining,-22.2989497913969213062868651992519062005466839303697309739606,-22.2989497913969213062868651992519062005466839303697309739606,6951
CRT_271,2023,2025,total_hours,declining,242.555028053517479499352611135088476478204574881312041432887,242.555028053517479499352611135088476478204574881312041432887,6951
CRT_272,2023,2025,staff_service_hours,nondeclining,-2.33776534680331461729528898536809367759711118996430733265149,-2.33776534680331461729528898536809367759711118996430733265149,47909
CRT_272,2023,2025,total_hours,nondeclining,52.0570247761380951387004529420359431422071009622409150681500,52.0570247761380951387004529420359431422071009622409150681500,47909
CRT_273,2023,2025,staff_service_hours,nondeclining,-72.1985460015041363750313361744798195036349962396590624216596,-72.1985460015041363750313361744798195036349962396590624216596,3989
CRT_273,2023,2025,total_hours,nondeclining,-1.75482577086989220355978942090749561293557282526949110052645,-1.75482577086989220355978942090749561293557282526949110052645,3989
CRT_275,2023,2025,staff_service_hours,declining,25.1353441608662026295436968290796597061098221191028615622583,25.1353441608662026295436968290796597061098221191028615622583,2586
CRT_275,2023,2025,total_hours,declining,269.528228924980665119876256767208043310131477184841453982985,269.528228924980665119876256767208043310131477184841453982985,2586
CRT_280,2023,2025,staff_service_hours,declining,-36.0975609756097560975609756097560975609756097560975609756098,-36.0975609756097560975609756097560975609756097560975609756098,2050
CRT_280,2023,2025,total_hours,declining,-36.0975609756097560975609756097560975609756097560975609756098,-36.0975609756097560975609756097560975609756097560975609756098,2050
CRT_284,2023,2025,staff_service_hours,declining,-95.1122853368560105680317040951122853368560105680317040951123,-95.1122853368560105680317040951122853368560105680317040951123,2271
CRT_284,2023,2025,total_hours,declining,-95.1122853368560105680317040951122853368560105680317040951123,-95.1122853368560105680317040951122853368560105680317040951123,2271
CRT_285,2023,2025,staff_service_hours,declining,-37.2943541304814504010460373529009972482972619581975371284713,-37.2943541304814504010460373529009972482972619581975371284713,51241
CRT_285,2023,2025,total_hours,declining,-3.45426513924396479381745086942097148767588454557873577799028,-3.45426513924396479381745086942097148767588454557873577799028,51241
CRT_286,2023,2025,staff_service_hours,declining,-24.2001640689089417555373256767842493847415914684167350287121,-24.2001640689089417555373256767842493847415914684167350287121,80454
CRT_286,2023,2025,total_hours,declining,30.0668705098565639993039500832774007507395530365177617023392,30.0668705098565639993039500832774007507395530365177617023392,80454
CRT_287,2023,2025,staff_service_hours,declining,-79.6238244514106583072100313479623824451410658307210031347962,-79.6238244514106583072100313479623824451410658307210031347962,6380
CRT_287,2023,2025,total_hours,declining,-102.194357366771159874608150470219435736677115987460815047022,-102.194357366771159874608150470219435736677115987460815047022,6380
CRT_288,2023,2025,staff_service_hours,declining,-37.4107420055883266066438994101210804098106178205526234088792,-37.4107420055883266066438994101210804098106178205526234088792,6442
CRT_288,2023,2025,total_hours,declining,-88.6370692331574045327538031667184104315429990686122322260168,-88.6370692331574045327538031667184104315429990686122322260168,6442
CRT_290,2023,2025,staff_service_hours,declining,-124.306256306760847628657921291624621594349142280524722502523,-124.306256306760847628657921291624621594349142280524722502523,7928
CRT_290,2023,2025,total_hours,declining,34.8763874873864783047426841574167507568113017154389505549950,34.8763874873864783047426841574167507568113017154389505549950,7928
CRT_291,2023,2025,staff_service_hours,declining,36.6079703429101019462465245597775718257645968489341983317887,36.6079703429101019462465245597775718257645968489341983317887,2158
CRT_291,2023,2025,total_hours,declining,1173.77201112140871177015755329008341056533827618164967562558,1173.77201112140871177015755329008341056533827618164967562558,2158
CRT_300,2023,2025,staff_service_hours,declining,5.38548752834467120181405895691609977324263038548752834467120,5.38548752834467120181405895691609977324263038548752834467120,3528
CRT_300,2023,2025,total_hours,declining,66.3265306122448979591836734693877551020408163265306122448980,66.3265306122448979591836734693877551020408163265306122448980,3528
CRT_301,2023,2025,staff_service_hours,declining,-105.362182502351834430856067732831608654750705550329256820320,-105.362182502351834430856067732831608654750705550329256820320,20197
CRT_301,2023,2025,total_hours,declining,-185.473090062880625835520126751497747190176758924592761301183,-185.473090062880625835520126751497747190176758924592761301183,20197
CRT_304,2023,2025,staff_service_hours,nondeclining,95.7775489186405767250257466529351184346035015447991761071061,95.7775489186405767250257466529351184346035015447991761071061,971
CRT_304,2023,2025,total_hours,nondeclining,714.727085478887744593202883625128733264675592173017507723996,714.727085478887744593202883625128733264675592173017507723996,971
CRT_305,2023,2025,staff_service_hours,declining,-62.8420705572040883613583910319815364325750082426640290141774,-62.8420705572040883613583910319815364325750082426640290141774,15165
CRT_305,2023,2025,total_hours,declining,-59.0834157599736234751071546323771843059676887570062644246621,-59.0834157599736234751071546323771843059676887570062644246621,15165
CRT_312,2023,2025,staff_service_hours,declining,21.9155844155844155844155844155844155844155844155844155844156,21.9155844155844155844155844155844155844155844155844155844156,1232
CRT_312,2023,2025,total_hours,declining,216.720779220779220779220779220779220779220779220779220779221,216.720779220779220779220779220779220779220779220779220779221,1232
CRT_317,2023,2025,staff_service_hours,declining,73.0359257797078562968811685748124753257007500986971969996052,73.0359257797078562968811685748124753257007500986971969996052,2533
CRT_317,2023,2025,total_hours,declining,406.237662850375049348598499802605606000789577575996841689696,406.237662850375049348598499802605606000789577575996841689696,2533
CRT_320,2023,2025,staff_service_hours,declining,-1.68895144264602392681210415200562983814215341308937368050669,-1.68895144264602392681210415200562983814215341308937368050669,7105
CRT_320,2023,2025,total_hours,declining,23.7860661505981703026038001407459535538353272343420126671358,23.7860661505981703026038001407459535538353272343420126671358,7105
CRT_322,2023,2025,staff_service_hours,declining,-40.5201088599939522225582098578772301179316601149077713940127,-40.5201088599939522225582098578772301179316601149077713940127,6614
CRT_322,2023,2025,total_hours,declining,-81.4938010281221651043241608708799516177804656788630178409435,-81.4938010281221651043241608708799516177804656788630178409435,6614
CRT_398,2023,2025,staff_service_hours,nondeclining,-95.3452139935181250885217492730802236163529872445366459213344,-95.3452139935181250885217492730802236163529872445366459213344,120027
CRT_398,2023,2025,total_hours,nondeclining,-94.7870062569255250901880410241029101785431611220808651386771,-94.7870062569255250901880410241029101785431611220808651386771,120027
CRT_399,2023,2025,staff_service_hours,declining,-23.4967155128852956038403233956543708943911066195048004042446,-23.4967155128852956038403233956543708943911066195048004042446,7916
CRT_399,2023,2025,total_hours,declining,50.2779181404749873673572511369378473976755937342091965639212,50.2779181404749873673572511369378473976755937342091965639212,7916
CRT_400,2023,2025,staff_service_hours,declining,-32.6395458845789971617786187322611163670766319772942289498581,-32.6395458845789971617786187322611163670766319772942289498581,8456
CRT_400,2023,2025,total_hours,declining,29.0917691579943235572374645222327341532639545884578997161779,29.0917691579943235572374645222327341532639545884578997161779,8456
CRT_402,2023,2025,staff_service_hours,declining,-30.6045203849897263977506218232940413106953606575105439602033,-30.6045203849897263977506218232940413106953606575105439602033,9247
CRT_402,2023,2025,total_hours,declining,-5.19087271547528928301070617497566778414620958148588731480480,-5.19087271547528928301070617497566778414620958148588731480480,9247
CRT_403,2023,2025,staff_service_hours,declining,-29.3091416608513607815771109560362875087229588276343335659456,-29.3091416608513607815771109560362875087229588276343335659456,2866
CRT_403,2023,2025,total_hours,declining,-84.4382414515003489183531053733426378227494766224703419399860,-84.4382414515003489183531053733426378227494766224703419399860,2866
CRT_405,2023,2025,staff_service_hours,declining,-24.9745298345127626180576589476002973813916347715945700360713,-24.9745298345127626180576589476002973813916347715945700360713,72634
CRT_405,2023,2025,total_hours,declining,-26.9708401024313682297546603519013134344797202412093509926481,-26.9708401024313682297546603519013134344797202412093509926481,72634
CRT_407,2023,2025,staff_service_hours,declining,-120.930232558139534883720930232558139534883720930232558139535,-120.930232558139534883720930232558139534883720930232558139535,2580
CRT_407,2023,2025,total_hours,declining,-195.736434108527131782945736434108527131782945736434108527132,-195.736434108527131782945736434108527131782945736434108527132,2580
CRT_408,2023,2025,staff_service_hours,declining,-2.53467577272407237907484334295571358163768217982116454270225,-2.53467577272407237907484334295571358163768217982116454270225,14203
CRT_408,2023,2025,total_hours,declining,-3.16834471590509047384355417869464197704710272477645567837781,-3.16834471590509047384355417869464197704710272477645567837781,14203
CRT_410,2023,2025,staff_service_hours,declining,-58.1222056631892697466467958271236959761549925484351713859911,-58.1222056631892697466467958271236959761549925484351713859911,18788
CRT_410,2023,2025,total_hours,declining,211.997019374068554396423248882265275707898658718330849478390,211.997019374068554396423248882265275707898658718330849478390,18788
CRT_416,2023,2025,staff_service_hours,declining,-188.207062050051422694549194377785395954748028796708947548852,-188.207062050051422694549194377785395954748028796708947548852,2917
CRT_416,2023,2025,total_hours,declining,760.370243400754199520054850874185807336304422351731230716490,760.370243400754199520054850874185807336304422351731230716490,2917
CRT_418+837,2023,2025,staff_service_hours,nondeclining,-12.9887066065047859993218747554836858715213479043321770428523,-12.9887066065047859993218747554836858715213479043321770428523,268387
CRT_418+837,2023,2025,total_hours,nondeclining,11.2673117550402962885683732818653660572233379411074306877755,11.2673117550402962885683732818653660572233379411074306877755,268387
CRT_420,2023,2025,staff_service_hours,declining,-16.5140086206896551724137931034482758620689655172413793103448,-16.5140086206896551724137931034482758620689655172413793103448,9280
CRT_420,2023,2025,total_hours,declining,0.296336206896551724137931034482758620689655172413793103448276,0.296336206896551724137931034482758620689655172413793103448276,9280
CRT_421,2023,2025,staff_service_hours,declining,118.219749652294853963838664812239221140472878998609179415855,118.219749652294853963838664812239221140472878998609179415855,719
CRT_421,2023,2025,total_hours,declining,1988.87343532684283727399165507649513212795549374130737134910,1988.87343532684283727399165507649513212795549374130737134910,719
CRT_422,2023,2025,staff_service_hours,declining,-0.853646969553258085933794935027980650668690126150052167314806,-0.853646969553258085933794935027980650668690126150052167314806,10543
CRT_422,2023,2025,total_hours,declining,-41.9235511713933415536374845869297163995067817509247842170160,-41.9235511713933415536374845869297163995067817509247842170160,10543
CRT_423,2023,2025,staff_service_hours,nondeclining,-32.9209994578877334778966044058942388250948696466413680942290,-32.9209994578877334778966044058942388250948696466413680942290,20291
CRT_423,2023,2025,total_hours,nondeclining,-44.1082253215711399142476960228672810605687250505150066531960,-44.1082253215711399142476960228672810605687250505150066531960,20291
CRT_425,2023,2025,staff_service_hours,nondeclining,0,0,10218
CRT_425,2023,2025,total_hours,nondeclining,16.4415736934820904286553141514973576042278332354668232530828,16.4415736934820904286553141514973576042278332354668232530828,10218
CRT_430,2023,2025,staff_service_hours,declining,-6.27079600716662400819042743793191707192219093933964678781674,-6.27079600716662400819042743793191707192219093933964678781674,15628
CRT_430,2023,2025,total_hours,declining,199.193754799078576913232659329408753519324289736370616841566,199.193754799078576913232659329408753519324289736370616841566,15628
CRT_433,2023,2025,staff_service_hours,declining,40.9026798307475317348377997179125528913963328631875881523272,40.9026798307475317348377997179125528913963328631875881523272,7799
CRT_433,2023,2025,total_hours,declining,37.6971406590588536991922041287344531350173099115271188613925,37.6971406590588536991922041287344531350173099115271188613925,7799
CRT_434,2023,2025,staff_service_hours,declining,26.2924264153520453458990643993717134466980809943317626169501,26.2924264153520453458990643993717134466980809943317626169501,14643
CRT_434,2023,2025,total_hours,declining,16.4583760158437478658744792733729427029980195315167656900908,16.4583760158437478658744792733729427029980195315167656900908,14643
CRT_435,2023,2025,staff_service_hours,declining,-183.499288762446657183499288762446657183499288762446657183499,-183.499288762446657183499288762446657183499288762446657183499,703
CRT_435,2023,2025,total_hours,declining,-183.499288762446657183499288762446657183499288762446657183499,-183.499288762446657183499288762446657183499288762446657183499,703
CRT_436,2023,2025,staff_service_hours,declining,-108.027750247770069375619425173439048562933597621407333994054,-108.027750247770069375619425173439048562933597621407333994054,2018
CRT_436,2023,2025,total_hours,declining,27.2547076313181367690782953419226957383548067393458870168484,27.2547076313181367690782953419226957383548067393458870168484,2018
CRT_440,2023,2025,staff_service_hours,nondeclining,-51.0494485948061188189256492351476342938456065457132692991818,-51.0494485948061188189256492351476342938456065457132692991818,5622
CRT_440,2023,2025,total_hours,nondeclining,20.6332266097474208466737815723941657773034507292778370686588,20.6332266097474208466737815723941657773034507292778370686588,5622
CRT_441,2023,2025,staff_service_hours,declining,-70.8696624189581936060809300245919964229823384752962217750950,-70.8696624189581936060809300245919964229823384752962217750950,4473
CRT_441,2023,2025,total_hours,declining,62.3742454728370221327967806841046277665995975855130784708249,62.3742454728370221327967806841046277665995975855130784708249,4473
CRT_444,2023,2025,staff_service_hours,declining,2.17448029920848917108810994172392798121249021483865356179873,2.17448029920848917108810994172392798121249021483865356179873,45988
CRT_444,2023,2025,total_hours,declining,-86.7182743324345481429938244759502478907541097677655040445334,-86.7182743324345481429938244759502478907541097677655040445334,45988
CRT_445,2023,2025,staff_service_hours,declining,-10.4732864907861593530425560121967386981307172212647487736975,-10.4732864907861593530425560121967386981307172212647487736975,15086
CRT_445,2023,2025,total_hours,declining,-61.5802731008882407530160413628529762693888373326262760174997,-61.5802731008882407530160413628529762693888373326262760174997,15086
CRT_475,2023,2025,staff_service_hours,declining,-43.5574995443776198286859850555859303809003098232185164935302,-43.5574995443776198286859850555859303809003098232185164935302,5487
CRT_475,2023,2025,total_hours,declining,-43.5574995443776198286859850555859303809003098232185164935302,-43.5574995443776198286859850555859303809003098232185164935302,5487
CRT_480,2023,2025,staff_service_hours,declining,-5.52763819095477386934673366834170854271356783919597989949749,-5.52763819095477386934673366834170854271356783919597989949749,1990
CRT_480,2023,2025,total_hours,declining,-5.52763819095477386934673366834170854271356783919597989949749,-5.52763819095477386934673366834170854271356783919597989949749,1990
CRT_481+538,2023,2025,staff_service_hours,declining,30.4873785049996503740997133067617649115446472274666107265226,30.4873785049996503740997133067617649115446472274666107265226,14301
CRT_481+538,2023,2025,total_hours,declining,27.1309698622473952870428641353751485910076218446262499125935,27.1309698622473952870428641353751485910076218446262499125935,14301
CRT_483,2023,2025,staff_service_hours,declining,-44.6096654275092936802973977695167286245353159851301115241636,-44.6096654275092936802973977695167286245353159851301115241636,1076
CRT_483,2023,2025,total_hours,declining,-44.6096654275092936802973977695167286245353159851301115241636,-44.6096654275092936802973977695167286245353159851301115241636,1076
CRT_484,2023,2025,staff_service_hours,declining,-62.5204582651391162029459901800327332242225859247135842880524,-62.5204582651391162029459901800327332242225859247135842880524,3055
CRT_484,2023,2025,total_hours,declining,229.132569558101472995090016366612111292962356792144026186579,229.132569558101472995090016366612111292962356792144026186579,3055
CRT_489,2023,2025,staff_service_hours,declining,-7.62942779291553133514986376021798365122615803814713896457766,-7.62942779291553133514986376021798365122615803814713896457766,1835
CRT_489,2023,2025,total_hours,declining,-7.62942779291553133514986376021798365122615803814713896457766,-7.62942779291553133514986376021798365122615803814713896457766,1835
CRT_494,2023,2025,staff_service_hours,declining,-92.0417555281176338534066674149736221798181614098103041867774,-92.0417555281176338534066674149736221798181614098103041867774,8909
CRT_494,2023,2025,total_hours,declining,232.461555730160511841957570995622404310248063755752609720507,232.461555730160511841957570995622404310248063755752609720507,8909
CRT_495,2023,2025,staff_service_hours,declining,1278.22580645161290322580645161290322580645161290322580645161,1278.22580645161290322580645161290322580645161290322580645161,1488
CRT_495,2023,2025,total_hours,declining,2446.90860215053763440860215053763440860215053763440860215054,2446.90860215053763440860215053763440860215053763440860215054,1488
CRT_498,2023,2025,staff_service_hours,declining,99.5260663507109004739336492890995260663507109004739336492891,99.5260663507109004739336492890995260663507109004739336492891,2321
CRT_498,2023,2025,total_hours,declining,80.1378716070659198621283929340801378716070659198621283929341,80.1378716070659198621283929340801378716070659198621283929341,2321
CRT_499,2023,2025,staff_service_hours,nondeclining,-32.6064701064701064701064701064701064701064701064701064701065,-32.6064701064701064701064701064701064701064701064701064701065,19536
CRT_499,2023,2025,total_hours,nondeclining,99.8669123669123669123669123669123669123669123669123669123669,99.8669123669123669123669123669123669123669123669123669123669,19536
CRT_500,2023,2025,staff_service_hours,nondeclining,-10.0709764051409936696719739113754076347592557068866295798964,-10.0709764051409936696719739113754076347592557068866295798964,10426
CRT_500,2023,2025,total_hours,nondeclining,-710.819106080951467485133320544791866487627086130826779205832,-710.819106080951467485133320544791866487627086130826779205832,10426
CRT_503,2023,2025,staff_service_hours,declining,-0.263365815117197787727153015538583091914669475902027916776402,-0.263365815117197787727153015538583091914669475902027916776402,7594
CRT_503,2023,2025,total_hours,declining,-15.0118514616802739004477218856992362391361601264155912562549,-15.0118514616802739004477218856992362391361601264155912562549,7594
CRT_504+616,2023,2025,staff_service_hours,declining,-14.7379912663755458515283842794759825327510917030567685589520,-14.7379912663755458515283842794759825327510917030567685589520,3664
CRT_504+616,2023,2025,total_hours,declining,-170.578602620087336244541484716157205240174672489082969432314,-170.578602620087336244541484716157205240174672489082969432314,3664
CRT_505,2023,2025,staff_service_hours,declining,19.1486298411479579593991457503479387627777511158036185631329,19.1486298411479579593991457503479387627777511158036185631329,20837
CRT_505,2023,2025,total_hours,declining,17.4209339156308489705811777127225608292940442482123146326247,17.4209339156308489705811777127225608292940442482123146326247,20837
CRT_508,2023,2025,staff_service_hours,declining,-62.4281083342047474641848792220014639757398305970929624594792,-62.4281083342047474641848792220014639757398305970929624594792,9563
CRT_508,2023,2025,total_hours,declining,-14.2214786154972289030638920840740353445571473387012443793789,-14.2214786154972289030638920840740353445571473387012443793789,9563
CRT_529,2023,2025,staff_service_hours,nondeclining,-5.15858828336482966443638592369375351141529189437662801981715,-5.15858828336482966443638592369375351141529189437662801981715,19579
CRT_529,2023,2025,total_hours,nondeclining,205.322028704223913376576944685632565503856172429644006333316,205.322028704223913376576944685632565503856172429644006333316,19579
CRT_531+609,2023,2025,staff_service_hours,declining,4.47823487608712817678311581369640500389166506863994765992487,4.47823487608712817678311581369640500389166506863994765992487,88651
CRT_531+609,2023,2025,total_hours,declining,83.6651588814564979526457682372449267351750121262027501099818,83.6651588814564979526457682372449267351750121262027501099818,88651
CRT_536,2023,2025,staff_service_hours,nondeclining,-49.0482742804724228872835683981194817108129801628253640637542,-49.0482742804724228872835683981194817108129801628253640637542,34884
CRT_536,2023,2025,total_hours,nondeclining,-25.8857929136566907464740282077743378052975576195390436876505,-25.8857929136566907464740282077743378052975576195390436876505,34884
CRT_541+911,2023,2025,staff_service_hours,declining,-262.867451979199830202695532208426191234214156850260002122466,-262.867451979199830202695532208426191234214156850260002122466,9423
CRT_541+911,2023,2025,total_hours,declining,-377.374509179666772789981959036400297145282818635254165340125,-377.374509179666772789981959036400297145282818635254165340125,9423
CRT_543,2023,2025,staff_service_hours,nondeclining,3.01402769279579395834749699730323838013007908989960794978131,3.01402769279579395834749699730323838013007908989960794978131,44127
CRT_543,2023,2025,total_hours,nondeclining,12.1467582205905681328891608312371110657873864074149613615247,12.1467582205905681328891608312371110657873864074149613615247,44127
CRT_545,2023,2025,staff_service_hours,nondeclining,-41.7276720351390922401171303074670571010248901903367496339678,-41.7276720351390922401171303074670571010248901903367496339678,9562
CRT_545,2023,2025,total_hours,nondeclining,711.200585651537335285505124450951683748169838945827232796486,711.200585651537335285505124450951683748169838945827232796486,9562
CRT_560,2023,2025,staff_service_hours,declining,-18.4716599190283400809716599190283400809716599190283400809717,-18.4716599190283400809716599190283400809716599190283400809717,15808
CRT_560,2023,2025,total_hours,declining,43.8701923076923076923076923076923076923076923076923076923077,43.8701923076923076923076923076923076923076923076923076923077,15808
CRT_561,2023,2025,staff_service_hours,declining,-278.982797307404637247569184741959611069558713537771129394166,-278.982797307404637247569184741959611069558713537771129394166,1337
CRT_561,2023,2025,total_hours,declining,-278.982797307404637247569184741959611069558713537771129394166,-278.982797307404637247569184741959611069558713537771129394166,1337
CRT_562,2023,2025,staff_service_hours,declining,-25.6181777678770327467141902428157718868344842949431944753843,-25.6181777678770327467141902428157718868344842949431944753843,8978
CRT_562,2023,2025,total_hours,declining,-6.57161951436845622633103141011361104923145466696368901759857,-6.57161951436845622633103141011361104923145466696368901759857,8978
CRT_563,2023,2025,staff_service_hours,declining,-1.83047029005913827090960292875246409462123345536468600394255,-1.83047029005913827090960292875246409462123345536468600394255,7102
CRT_563,2023,2025,total_hours,declining,-3.94255139397352858349760630808223035764573359617009293156857,-3.94255139397352858349760630808223035764573359617009293156857,7102
CRT_576,2023,2025,staff_service_hours,declining,-120.511908993956629932456452186277995023107003199431212228937,-120.511908993956629932456452186277995023107003199431212228937,2813
CRT_576,2023,2025,total_hours,declining,89.9395662993245645218627799502310700319943121222893707785283,89.9395662993245645218627799502310700319943121222893707785283,2813
CRT_577,2023,2025,staff_service_hours,nondeclining,8.42315007698578027352594873652748845213295897110768952087673,8.42315007698578027352594873652748845213295897110768952087673,11041
CRT_577,2023,2025,total_hours,nondeclining,-115.297527397880626754822932705370890317905986776560094194366,-115.297527397880626754822932705370890317905986776560094194366,11041
CRT_578,2023,2025,staff_service_hours,declining,-91.7373546968268928683631793905120955073829720389569588438580,-91.7373546968268928683631793905120955073829720389569588438580,3183
CRT_578,2023,2025,total_hours,declining,-95.5073829720389569588438579956016336789192585611058749607289,-95.5073829720389569588438579956016336789192585611058749607289,3183
CRT_580,2023,2025,staff_service_hours,declining,-13.3566892927523538427851981607181957521348806656448434420845,-13.3566892927523538427851981607181957521348806656448434420845,4567
CRT_580,2023,2025,total_hours,declining,8.75848478213269104444931026932340705058024961681629078169477,8.75848478213269104444931026932340705058024961681629078169477,4567
CRT_581,2023,2025,staff_service_hours,declining,-77.7919185491568565065224307986000636334712058542793509385937,-77.7919185491568565065224307986000636334712058542793509385937,6286
CRT_581,2023,2025,total_hours,declining,-11.6131084950684059815462933503022589882278078269169583200764,-11.6131084950684059815462933503022589882278078269169583200764,6286
CRT_583+742+758,2023,2025,staff_service_hours,declining,-6.71936758893280632411067193675889328063241106719367588932806,-6.71936758893280632411067193675889328063241106719367588932806,10120
CRT_583+742+758,2023,2025,total_hours,declining,15.6126482213438735177865612648221343873517786561264822134387,15.6126482213438735177865612648221343873517786561264822134387,10120
CRT_584,2023,2025,staff_service_hours,declining,13.0792227204783258594917787742899850523168908819133034379671,13.0792227204783258594917787742899850523168908819133034379671,2676
CRT_584,2023,2025,total_hours,declining,254.484304932735426008968609865470852017937219730941704035874,254.484304932735426008968609865470852017937219730941704035874,2676
CRT_592,2023,2025,staff_service_hours,declining,-6.25339858618814573137574768896139206090266449157150625339859,-6.25339858618814573137574768896139206090266449157150625339859,3678
CRT_592,2023,2025,total_hours,declining,483.143012506797172376291462751495377922784121805328983143013,483.143012506797172376291462751495377922784121805328983143013,3678
CRT_593,2023,2025,staff_service_hours,declining,-50.7158175389787283371007940648003245812322494638613574450820,-50.7158175389787283371007940648003245812322494638613574450820,17253
CRT_593,2023,2025,total_hours,declining,43.5866226163565756679997681562626789543847446820842751985162,43.5866226163565756679997681562626789543847446820842751985162,17253
CRT_595,2023,2025,staff_service_hours,declining,-32.3260716795502459592410400562192550948699929725931131412509,-32.3260716795502459592410400562192550948699929725931131412509,4269
CRT_595,2023,2025,total_hours,declining,-19.9109861794331225111267275708596861091590536425392363551183,-19.9109861794331225111267275708596861091590536425392363551183,4269
CRT_598,2023,2025,staff_service_hours,declining,-3.35131172435461067183327224171335811907629470597476043357595,-3.35131172435461067183327224171335811907629470597476043357595,19097
CRT_598,2023,2025,total_hours,declining,-6.59789495732313976017175472587317379693145520238780960360266,-6.59789495732313976017175472587317379693145520238780960360266,19097
CRT_599,2023,2025,staff_service_hours,nondeclining,88.7039026136770497672753311851056211958467597565341926244182,88.7039026136770497672753311851056211958467597565341926244182,11172
CRT_599,2023,2025,total_hours,nondeclining,189.670605084138918725384890798424633011099176512710347296813,189.670605084138918725384890798424633011099176512710347296813,11172
CRT_601+931,2023,2025,staff_service_hours,declining,-17.7008951020818666398471286332092929699285929799859197425324,-17.7008951020818666398471286332092929699285929799859197425324,9943
CRT_601+931,2023,2025,total_hours,declining,-27.9593683998793120788494418183646786684099366388413959569546,-27.9593683998793120788494418183646786684099366388413959569546,9943
CRT_604,2023,2025,staff_service_hours,nondeclining,5.14698604374938137186974166089280411758883499950509749579333,5.14698604374938137186974166089280411758883499950509749579333,20206
CRT_604,2023,2025,total_hours,nondeclining,227.358210432544788676630703751360981886568346035830941304563,227.358210432544788676630703751360981886568346035830941304563,20206
CRT_608,2023,2025,staff_service_hours,declining,-3.97416790859413810233482364629905613512170889220069547938400,-3.97416790859413810233482364629905613512170889220069547938400,2013
CRT_608,2023,2025,total_hours,declining,673.124689518132141082960755091902632886239443616492796820666,673.124689518132141082960755091902632886239443616492796820666,2013
CRT_611,2023,2025,staff_service_hours,declining,-75.0098697196999605211212001579155151993683379392025266482432,-75.0098697196999605211212001579155151993683379392025266482432,5066
CRT_611,2023,2025,total_hours,declining,-83.4978286616660086853533359652585866561389656533754441373865,-83.4978286616660086853533359652585866561389656533754441373865,5066
CRT_614,2023,2025,staff_service_hours,declining,-50.2283105022831050228310502283105022831050228310502283105023,-50.2283105022831050228310502283105022831050228310502283105023,3066
CRT_614,2023,2025,total_hours,declining,-262.230919765166340508806262230919765166340508806262230919765,-262.230919765166340508806262230919765166340508806262230919765,3066
CRT_615,2023,2025,staff_service_hours,declining,9.47805764736432095559594910412879771487925214230070111659309,9.47805764736432095559594910412879771487925214230070111659309,7702
CRT_615,2023,2025,total_hours,declining,27.1358088808101791742404570241495715398597766813814593612049,27.1358088808101791742404570241495715398597766813814593612049,7702
CRT_619,2023,2025,staff_service_hours,declining,5.88019110621095185593531789783167952958471150312385152517457,5.88019110621095185593531789783167952958471150312385152517457,2721
CRT_619,2023,2025,total_hours,declining,210.951855935317897831679529584711503123851525174568173465638,210.951855935317897831679529584711503123851525174568173465638,2721
CRT_620,2023,2025,staff_service_hours,declining,-7.35895339329517579721995094031071136549468520032706459525756,-7.35895339329517579721995094031071136549468520032706459525756,2446
CRT_620,2023,2025,total_hours,declining,-71.1365494685200327064595257563368765331152902698282910874898,-71.1365494685200327064595257563368765331152902698282910874898,2446
CRT_624,2023,2025,staff_service_hours,declining,2.14885719867161554991209220550888845477632350068372729048642,2.14885719867161554991209220550888845477632350068372729048642,5119
CRT_624,2023,2025,total_hours,declining,-66.0285211955460050791170150420003907013088493846454385622192,-66.0285211955460050791170150420003907013088493846454385622192,5119
CRT_625,2023,2025,staff_service_hours,declining,-77.4278215223097112860892388451443569553805774278215223097113,-77.4278215223097112860892388451443569553805774278215223097113,3048
CRT_625,2023,2025,total_hours,declining,838.582677165354330708661417322834645669291338582677165354331,838.582677165354330708661417322834645669291338582677165354331,3048
CRT_630,2023,2025,staff_service_hours,nondeclining,66.2170447578172900061312078479460453709380748007357449417535,66.2170447578172900061312078479460453709380748007357449417535,1631
CRT_630,2023,2025,total_hours,nondeclining,17.7805027590435315757204169221336603310852237890864500306560,17.7805027590435315757204169221336603310852237890864500306560,1631
CRT_631,2023,2025,staff_service_hours,declining,-17.1284634760705289672544080604534005037783375314861460957179,-17.1284634760705289672544080604534005037783375314861460957179,1985
CRT_631,2023,2025,total_hours,declining,154.156171284634760705289672544080604534005037783375314861461,154.156171284634760705289672544080604534005037783375314861461,1985
CRT_635,2023,2025,staff_service_hours,declining,3.57198322720919397421959931666407827302376145364186985556763,3.57198322720919397421959931666407827302376145364186985556763,6439
CRT_635,2023,2025,total_hours,declining,-9.62882435160739245224413728839881969249883522286069265413884,-9.62882435160739245224413728839881969249883522286069265413884,6439
CRT_636,2023,2025,staff_service_hours,declining,5.22987107759669180248114813913889564582826562880077839941620,5.22987107759669180248114813913889564582826562880077839941620,8222
CRT_636,2023,2025,total_hours,declining,58.7448309413767939674045244466066650450012162490878131841401,58.7448309413767939674045244466066650450012162490878131841401,8222
CRT_638,2023,2025,staff_service_hours,nondeclining,-2.17013040333144342997908072494085905882812958220102054781130,-2.17013040333144342997908072494085905882812958220102054781130,51149
CRT_638,2023,2025,total_hours,nondeclining,-5.16139122954505464427457037283231343721284873604567049209173,-5.16139122954505464427457037283231343721284873604567049209173,51149
CRT_678,2023,2025,staff_service_hours,declining,-42.9925803792250618301731244847485572959604286892003297609233,-42.9925803792250618301731244847485572959604286892003297609233,24260
CRT_678,2023,2025,total_hours,declining,-61.0057708161582852431986809563066776586974443528441879637263,-61.0057708161582852431986809563066776586974443528441879637263,24260
CRT_680,2023,2025,staff_service_hours,nondeclining,-1.45102781136638452237001209189842805320435308343409915356711,-1.45102781136638452237001209189842805320435308343409915356711,24810
CRT_680,2023,2025,total_hours,nondeclining,5.07859733978234582829504232164449818621523579201934703748489,5.07859733978234582829504232164449818621523579201934703748489,24810
CRT_683,2023,2025,staff_service_hours,declining,11.9891008174386920980926430517711171662125340599455040871935,11.9891008174386920980926430517711171662125340599455040871935,3670
CRT_683,2023,2025,total_hours,declining,21.7983651226158038147138964577656675749318801089918256130790,21.7983651226158038147138964577656675749318801089918256130790,3670
CRT_684,2023,2025,staff_service_hours,declining,0,0,38959
CRT_684,2023,2025,total_hours,declining,0,0,38959
CRT_686,2023,2025,staff_service_hours,declining,9.23178371249587866798549291130893504780745136828222881635345,9.23178371249587866798549291130893504780745136828222881635345,3033
CRT_686,2023,2025,total_hours,declining,-11.8694362017804154302670623145400593471810089020771513353116,-11.8694362017804154302670623145400593471810089020771513353116,3033
CRT_687,2023,2025,staff_service_hours,declining,283.542630535360211500330469266358228684732319894249834765367,283.542630535360211500330469266358228684732319894249834765367,1513
CRT_687,2023,2025,total_hours,declining,87.9048248512888301387970918704560475875743555849306014540648,87.9048248512888301387970918704560475875743555849306014540648,1513
CRT_689,2023,2025,staff_service_hours,declining,-2.91073738680465717981888745148771021992238033635187580853816,-2.91073738680465717981888745148771021992238033635187580853816,3092
CRT_689,2023,2025,total_hours,declining,-2.91073738680465717981888745148771021992238033635187580853816,-2.91073738680465717981888745148771021992238033635187580853816,3092
CRT_691,2023,2025,staff_service_hours,declining,-44.6096654275092936802973977695167286245353159851301115241636,-44.6096654275092936802973977695167286245353159851301115241636,2690
CRT_691,2023,2025,total_hours,declining,-175.836431226765799256505576208178438661710037174721189591078,-175.836431226765799256505576208178438661710037174721189591078,2690
CRT_694,2023,2025,staff_service_hours,declining,1.12198029522106518004277549875530310998913081589004593106834,1.12198029522106518004277549875530310998913081589004593106834,28521
CRT_694,2023,2025,total_hours,declining,12.5170926685600084148522141579888503208162406647733249184811,12.5170926685600084148522141579888503208162406647733249184811,28521
CRT_697,2023,2025,staff_service_hours,declining,-31.4049586776859504132231404958677685950413223140495867768595,-31.4049586776859504132231404958677685950413223140495867768595,1210
CRT_697,2023,2025,total_hours,declining,263.636363636363636363636363636363636363636363636363636363636,263.636363636363636363636363636363636363636363636363636363636,1210
CRT_698,2023,2025,staff_service_hours,nondeclining,-38.5166718603926456840137114365846057961981925833593019632284,-38.5166718603926456840137114365846057961981925833593019632284,64180
CRT_698,2023,2025,total_hours,nondeclining,-20.1464630726082891866625116858834527890308507323153630414459,-20.1464630726082891866625116858834527890308507323153630414459,64180
CRT_700,2023,2025,staff_service_hours,declining,-17.0974964380215754121717891308772644005699165479340525137391,-17.0974964380215754121717891308772644005699165479340525137391,4913
CRT_700,2023,2025,total_hours,declining,89.7618562996132709139018929371056381029920618766537756971301,89.7618562996132709139018929371056381029920618766537756971301,4913
CRT_702,2023,2025,staff_service_hours,declining,-47.6534296028880866425992779783393501805054151624548736462094,-47.6534296028880866425992779783393501805054151624548736462094,4155
CRT_702,2023,2025,total_hours,declining,663.778580024067388688327316486161251504211793020457280385078,663.778580024067388688327316486161251504211793020457280385078,4155
CRT_704,2023,2025,staff_service_hours,nondeclining,73.5224956889794638658096880388775670167737889951403041229033,73.5224956889794638658096880388775670167737889951403041229033,6379
CRT_704,2023,2025,total_hours,nondeclining,389.402727700266499451324659037466687568584417620316664053927,389.402727700266499451324659037466687568584417620316664053927,6379
CRT_707,2023,2025,staff_service_hours,declining,-109.744094488188976377952755905511811023622047244094488188976,-109.744094488188976377952755905511811023622047244094488188976,2032
CRT_707,2023,2025,total_hours,declining,25.0984251968503937007874015748031496062992125984251968503937,25.0984251968503937007874015748031496062992125984251968503937,2032
CRT_710,2023,2025,staff_service_hours,declining,5.78518410711686799592490176102459612865667297336632222383932,5.78518410711686799592490176102459612865667297336632222383932,27484
CRT_710,2023,2025,total_hours,declining,15.1360791733372143792752146703536603114539368359772958812400,15.1360791733372143792752146703536603114539368359772958812400,27484
CRT_729,2023,2025,staff_service_hours,declining,-123.834594713173192936272896786223538444663814851376549303499,-123.834594713173192936272896786223538444663814851376549303499,9117
CRT_729,2023,2025,total_hours,declining,-93.0130525392124602391137435559942963694197652736645826478008,-93.0130525392124602391137435559942963694197652736645826478008,9117
CRT_732,2023,2025,staff_service_hours,declining,23.2728337236533957845433255269320843091334894613583138173302,23.2728337236533957845433255269320843091334894613583138173302,3416
CRT_732,2023,2025,total_hours,declining,35.1288056206088992974238875878220140515222482435597189695550,35.1288056206088992974238875878220140515222482435597189695550,3416
CRT_734,2023,2025,staff_service_hours,declining,19.9173151750972762645914396887159533073929961089494163424125,19.9173151750972762645914396887159533073929961089494163424125,51400
CRT_734,2023,2025,total_hours,declining,218.436770428015564202334630350194552529182879377431906614786,218.436770428015564202334630350194552529182879377431906614786,51400
CRT_738,2023,2025,staff_service_hours,declining,58.1277458600878675228117607299763433592429874957755998648192,58.1277458600878675228117607299763433592429874957755998648192,2959
CRT_738,2023,2025,total_hours,declining,58.1277458600878675228117607299763433592429874957755998648192,58.1277458600878675228117607299763433592429874957755998648192,2959
CRT_739,2023,2025,staff_service_hours,declining,-7.05305121128488193805581110088929776142287641827660226924256,-7.05305121128488193805581110088929776142287641827660226924256,3261
CRT_739,2023,2025,total_hours,declining,776.448942042318307267709291628334866605335786568537258509660,776.448942042318307267709291628334866605335786568537258509660,3261
CRT_740,2023,2025,staff_service_hours,declining,-6.02206040495283743509386425784250468553169262912096352966479,-6.02206040495283743509386425784250468553169262912096352966479,32547
CRT_740,2023,2025,total_hours,declining,-26.7612990444587826835038559621470488831535932651242818078471,-26.7612990444587826835038559621470488831535932651242818078471,32547
CRT_743,2023,2025,staff_service_hours,nondeclining,-8.18709836875926841324765200197726149283242708848245180425111,-8.18709836875926841324765200197726149283242708848245180425111,64736
CRT_743,2023,2025,total_hours,nondeclining,4.26347009391992090954028670291646070192782995551161641127039,4.26347009391992090954028670291646070192782995551161641127039,64736
CRT_746,2023,2025,staff_service_hours,declining,-53.9636059401798786864672662622882242208742940807362476469358,-53.9636059401798786864672662622882242208742940807362476469358,4781
CRT_746,2023,2025,total_hours,declining,165.864881823886216272746287387575820957958586069859861953566,165.864881823886216272746287387575820957958586069859861953566,4781
CRT_747,2023,2025,staff_service_hours,declining,-26.6272189349112426035502958579881656804733727810650887573964,-26.6272189349112426035502958579881656804733727810650887573964,1352
CRT_747,2023,2025,total_hours,declining,218.934911242603550295857988165680473372781065088757396449704,218.934911242603550295857988165680473372781065088757396449704,1352
CRT_748,2023,2025,staff_service_hours,declining,-136.833731105807478122513922036595067621320604614160700079554,-136.833731105807478122513922036595067621320604614160700079554,5028
CRT_748,2023,2025,total_hours,declining,499.204455051710421638822593476531424025457438345266507557677,499.204455051710421638822593476531424025457438345266507557677,5028
CRT_749,2023,2025,staff_service_hours,declining,-1.22105856384727375193725637533461701028507021086742121824074,-1.22105856384727375193725637533461701028507021086742121824074,21293
CRT_749,2023,2025,total_hours,declining,-3.09961020053538721645611233738787394918517822758653078476495,-3.09961020053538721645611233738787394918517822758653078476495,21293
CRT_751,2023,2025,staff_service_hours,declining,-183.195592286501377410468319559228650137741046831955922865014,-183.195592286501377410468319559228650137741046831955922865014,2904
CRT_751,2023,2025,total_hours,declining,-183.195592286501377410468319559228650137741046831955922865014,-183.195592286501377410468319559228650137741046831955922865014,2904
CRT_755,2023,2025,staff_service_hours,nondeclining,-243.949661181026137463697967086156824782187802516940948693127,unbounded,6198
CRT_755,2023,2025,total_hours,nondeclining,-430.461439173927073249435301710229106163278476928041303646338,unbounded,6198
CRT_759,2023,2025,staff_service_hours,declining,-10.0150225338007010515773660490736104156234351527290936404607,-10.0150225338007010515773660490736104156234351527290936404607,1997
CRT_759,2023,2025,total_hours,declining,0.500751126690035052578868302453680520781171757636454682023035,0.500751126690035052578868302453680520781171757636454682023035,1997
CRT_761,2023,2025,staff_service_hours,declining,-35.6183580520845498073105220133130912063529136984701623262875,-35.6183580520845498073105220133130912063529136984701623262875,8563
CRT_761,2023,2025,total_hours,declining,-35.0344505430339834170267429639145159406749970804624547471680,-35.0344505430339834170267429639145159406749970804624547471680,8563
CRT_762,2023,2025,staff_service_hours,declining,-29.6531638866825522901773894625364045538787397405348159915277,-29.6531638866825522901773894625364045538787397405348159915277,3777
CRT_762,2023,2025,total_hours,declining,19.3275086047127349748477627746889065395816785808842997087636,19.3275086047127349748477627746889065395816785808842997087636,3777
CRT_765,2023,2025,staff_service_hours,declining,-17.3946656358716660224197912640123695400077309625048318515655,-17.3946656358716660224197912640123695400077309625048318515655,10348
CRT_765,2023,2025,total_hours,declining,187.862388867413993042133745651333591032083494395052183996908,187.862388867413993042133745651333591032083494395052183996908,10348
CRT_768,2023,2025,staff_service_hours,declining,-226.337448559670781893004115226337448559670781893004115226337,-226.337448559670781893004115226337448559670781893004115226337,2430
CRT_768,2023,2025,total_hours,declining,960.905349794238683127572016460905349794238683127572016460905,960.905349794238683127572016460905349794238683127572016460905,2430
CRT_777,2023,2025,staff_service_hours,declining,-114.544485881726158763985082578582844965370271710175812466702,-114.544485881726158763985082578582844965370271710175812466702,7508
CRT_777,2023,2025,total_hours,declining,-45.0186467767714437932871603622802344166222695791156100159830,-45.0186467767714437932871603622802344166222695791156100159830,7508
CRT_778,2023,2025,staff_service_hours,declining,-31.6354665505732114352053402989406472210129153968945000725584,-31.6354665505732114352053402989406472210129153968945000725584,6891
CRT_778,2023,2025,total_hours,declining,29.8940647221012915396894500072558409519663328979828762153534,29.8940647221012915396894500072558409519663328979828762153534,6891
CRT_781,2023,2025,staff_service_hours,declining,-0.837053571428571428571428571428571428571428571428571428571429,-0.837053571428571428571428571428571428571428571428571428571429,3584
CRT_781,2023,2025,total_hours,declining,0,0,3584
CRT_783,2023,2025,staff_service_hours,declining,-14.7237401335761991499696417729204614450516089860352155434123,-14.7237401335761991499696417729204614450516089860352155434123,6588
CRT_783,2023,2025,total_hours,declining,4.55373406193078324225865209471766848816029143897996357012750,4.55373406193078324225865209471766848816029143897996357012750,6588
CRT_785,2023,2025,staff_service_hours,declining,-35.5405910961466517022072577628133183688739244294799850355406,-35.5405910961466517022072577628133183688739244294799850355406,2673
CRT_785,2023,2025,total_hours,declining,184.811073699962588851477740366629255518144407033295922184811,184.811073699962588851477740366629255518144407033295922184811,2673
CRT_790,2023,2025,staff_service_hours,declining,-43.3369447453954496208017334777898158179848320693391115926327,-43.3369447453954496208017334777898158179848320693391115926327,23998
CRT_790,2023,2025,total_hours,declining,-22.1268439036586382198516543045253771147595632969414117843154,-22.1268439036586382198516543045253771147595632969414117843154,23998
CRT_791,2023,2025,staff_service_hours,declining,38.3940752290001948937828883258624049892808419411420775677256,38.3940752290001948937828883258624049892808419411420775677256,5131
CRT_791,2023,2025,total_hours,declining,144.026505554472812317287078542194503995322549210680179302280,144.026505554472812317287078542194503995322549210680179302280,5131
CRT_831,2023,2025,staff_service_hours,declining,-1.52339499455930359085963003264417845484221980413492927094668,-1.52339499455930359085963003264417845484221980413492927094668,4595
CRT_831,2023,2025,total_hours,declining,-0.217627856365614798694232861806311207834602829162132752992383,-0.217627856365614798694232861806311207834602829162132752992383,4595
CRT_832,2023,2025,staff_service_hours,declining,3.57781753130590339892665474060822898032200357781753130590340,3.57781753130590339892665474060822898032200357781753130590340,3913
CRT_832,2023,2025,total_hours,declining,2.55558395093278814209046767186302070023000255558395093278814,2.55558395093278814209046767186302070023000255558395093278814,3913
CRT_833,2023,2025,staff_service_hours,nondeclining,-7.75193798449612403100775193798449612403100775193798449612403,-7.75193798449612403100775193798449612403100775193798449612403,1677
CRT_833,2023,2025,total_hours,nondeclining,9.54084675014907573047107930828861061419200954084675014907573,9.54084675014907573047107930828861061419200954084675014907573,1677
CRT_834,2023,2025,staff_service_hours,declining,-3.68694486341545165074576839282721635662812133400368694486342,-3.68694486341545165074576839282721635662812133400368694486342,5967
CRT_834,2023,2025,total_hours,declining,-15.7533098709569297804591922238981062510474275180157533098710,-15.7533098709569297804591922238981062510474275180157533098710,5967
CRT_844,2023,2025,staff_service_hours,declining,-279.918864097363083164300202839756592292089249492900608519270,-279.918864097363083164300202839756592292089249492900608519270,1479
CRT_844,2023,2025,total_hours,declining,454.361054766734279918864097363083164300202839756592292089249,454.361054766734279918864097363083164300202839756592292089249,1479
CRT_845,2023,2025,staff_service_hours,declining,-11.4503816793893129770992366412213740458015267175572519083969,-11.4503816793893129770992366412213740458015267175572519083969,2882
CRT_845,2023,2025,total_hours,declining,243.233865371269951422623178348369188063844552394170714781402,243.233865371269951422623178348369188063844552394170714781402,2882
CRT_846,2023,2025,staff_service_hours,declining,-131.865912762520193861066235864297253634894991922455573505654,-131.865912762520193861066235864297253634894991922455573505654,4952
CRT_846,2023,2025,total_hours,declining,-99.5557350565428109854604200323101777059773828756058158319871,-99.5557350565428109854604200323101777059773828756058158319871,4952
CRT_848,2023,2025,staff_service_hours,declining,-39.8490921952369724121669417590190992690403206790851214336241,-39.8490921952369724121669417590190992690403206790851214336241,4241
CRT_848,2023,2025,total_hours,declining,-41.4996463098325866540910162697477010139118132515916057533601,-41.4996463098325866540910162697477010139118132515916057533601,4241
CRT_849,2023,2025,staff_service_hours,declining,10.8917631041524846834581347855684138869979577944179714091219,10.8917631041524846834581347855684138869979577944179714091219,2938
CRT_849,2023,2025,total_hours,declining,10.5513955071477195371000680735194009530292716133424098025868,10.5513955071477195371000680735194009530292716133424098025868,2938
CRT_850,2023,2025,staff_service_hours,declining,-30.1633850020946795140343527440301633850020946795140343527440,-30.1633850020946795140343527440301633850020946795140343527440,2387
CRT_850,2023,2025,total_hours,declining,-64.0971931294511939673229995810640971931294511939673229995811,-64.0971931294511939673229995810640971931294511939673229995811,2387
CRT_851,2023,2025,staff_service_hours,declining,38.8131064547883560680635634931795809309520461257207143861623,38.8131064547883560680635634931795809309520461257207143861623,21333
CRT_851,2023,2025,total_hours,declining,107.814184596634322411287676369943280363755683682557539961562,107.814184596634322411287676369943280363755683682557539961562,21333
CRT_853,2023,2025,staff_service_hours,nondeclining,-12.4271665547794626339443570414631771524621163592757908546303,-12.4271665547794626339443570414631771524621163592757908546303,195137
CRT_853,2023,2025,total_hours,nondeclining,-17.8592476055284236203282821812367721139507115513716004653141,-17.8592476055284236203282821812367721139507115513716004653141,195137
CRT_854+976,2023,2025,staff_service_hours,declining,-16.8397417906258770698849284310973898400224529890541678360932,-16.8397417906258770698849284310973898400224529890541678360932,7126
CRT_854+976,2023,2025,total_hours,declining,32.8374964917204602862756104406399101880437833286556272803817,32.8374964917204602862756104406399101880437833286556272803817,7126
CRT_858,2023,2025,staff_service_hours,nondeclining,2.36668513016768215922251875723853164811924064655823556070296,2.36668513016768215922251875723853164811924064655823556070296,39718
CRT_858,2023,2025,total_hours,nondeclining,4.05357772294677476207261191399365526965103983080719069439549,4.05357772294677476207261191399365526965103983080719069439549,39718
CRT_859,2023,2025,staff_service_hours,declining,-29.7284999241619899893826785985135750037919005005308660700743,-29.7284999241619899893826785985135750037919005005308660700743,6593
CRT_859,2023,2025,total_hours,declining,58.0919156681328681935386015470954042165933565903230699226452,58.0919156681328681935386015470954042165933565903230699226452,6593
CRT_886,2023,2025,staff_service_hours,declining,-32.0467282342726339884758070881679690583313600126292525061173,-32.0467282342726339884758070881679690583313600126292525061173,12669
CRT_886,2023,2025,total_hours,declining,-21.9433262293787986423553555923908753650643302549530349672429,-21.9433262293787986423553555923908753650643302549530349672429,12669
CRT_887,2023,2025,staff_service_hours,declining,-7.49625187406296851574212893553223388305847076461769115442279,-7.49625187406296851574212893553223388305847076461769115442279,4669
CRT_887,2023,2025,total_hours,declining,-17.1342899978582137502677232812165345898479331762690083529664,-17.1342899978582137502677232812165345898479331762690083529664,4669
CRT_889,2023,2025,staff_service_hours,declining,-5.84112149532710280373831775700934579439252336448598130841121,-5.84112149532710280373831775700934579439252336448598130841121,2568
CRT_889,2023,2025,total_hours,declining,-26.4797507788161993769470404984423676012461059190031152647975,-26.4797507788161993769470404984423676012461059190031152647975,2568
CRT_890,2023,2025,staff_service_hours,declining,-250,-250,1176
CRT_890,2023,2025,total_hours,declining,2275.51020408163265306122448979591836734693877551020408163265,2275.51020408163265306122448979591836734693877551020408163265,1176
CRT_892,2023,2025,staff_service_hours,declining,0,0,3634
CRT_892,2023,2025,total_hours,declining,0,0,3634
CRT_893,2023,2025,staff_service_hours,declining,-136.187808456716019741229825263438708816860077364279044951314,-136.187808456716019741229825263438708816860077364279044951314,7497
CRT_893,2023,2025,total_hours,declining,-13.6054421768707482993197278911564625850340136054421768707483,-13.6054421768707482993197278911564625850340136054421768707483,7497
CRT_895,2023,2025,staff_service_hours,nondeclining,-23.7987453922266054452564185475004850287783741835348897367910,-23.7987453922266054452564185475004850287783741835348897367910,15463
CRT_895,2023,2025,total_hours,nondeclining,-2.13412662484640755351484188061825001616762594580611782965789,-2.13412662484640755351484188061825001616762594580611782965789,15463
CRT_905,2023,2025,staff_service_hours,declining,18.2060193743991717814094505657028765806403904459069733047401,18.2060193743991717814094505657028765806403904459069733047401,67615
CRT_905,2023,2025,total_hours,declining,56.2301264512312356725578643792057975301338460400798639355173,56.2301264512312356725578643792057975301338460400798639355173,67615
CRT_908,2023,2025,staff_service_hours,declining,-6.90988161391640492872674559072239671418216960618506885721189,-6.90988161391640492872674559072239671418216960618506885721189,20695
CRT_908,2023,2025,total_hours,declining,2.70596762503020053152935491664653297898043005556897801401305,2.70596762503020053152935491664653297898043005556897801401305,20695
CRT_915,2023,2025,staff_service_hours,declining,-4.50608321233665448355279627497121113503229359635507935713213,-4.50608321233665448355279627497121113503229359635507935713213,19973
CRT_915,2023,2025,total_hours,declining,-4.50608321233665448355279627497121113503229359635507935713213,-4.50608321233665448355279627497121113503229359635507935713213,19973
CRT_918,2023,2025,staff_service_hours,declining,0,0,2271
CRT_918,2023,2025,total_hours,declining,22.8974020255394099515631880228974020255394099515631880228974,22.8974020255394099515631880228974020255394099515631880228974,2271
CRT_921,2023,2025,staff_service_hours,declining,99.9484801648634724368882019577537351880473982483256053580629,99.9484801648634724368882019577537351880473982483256053580629,1941
CRT_921,2023,2025,total_hours,declining,-70.0669757856774858320453374549201442555383822771767130345183,-70.0669757856774858320453374549201442555383822771767130345183,1941
CRT_922,2023,2025,staff_service_hours,declining,-1.80018001800180018001800180018001800180018001800180018001800,-1.80018001800180018001800180018001800180018001800180018001800,4444
CRT_922,2023,2025,total_hours,declining,-0.450045004500450045004500450045004500450045004500450045004500,-0.450045004500450045004500450045004500450045004500450045004500,4444
CRT_924,2023,2025,staff_service_hours,declining,-114.181091877496671105193075898801597869507323568575233022636,-114.181091877496671105193075898801597869507323568575233022636,3004
CRT_924,2023,2025,total_hours,declining,696.071904127829560585885486018641810918774966711051930758988,696.071904127829560585885486018641810918774966711051930758988,3004
CRT_925,2023,2025,staff_service_hours,declining,-4.58452722063037249283667621776504297994269340974212034383954,-4.58452722063037249283667621776504297994269340974212034383954,3490
CRT_925,2023,2025,total_hours,declining,273.352435530085959885386819484240687679083094555873925501433,273.352435530085959885386819484240687679083094555873925501433,3490
CRT_927,2023,2025,staff_service_hours,nondeclining,-2.97547795752248708916173603748418208557064195081911146072027,-2.97547795752248708916173603748418208557064195081911146072027,29239
CRT_927,2023,2025,total_hours,nondeclining,-1.88104928349122747015971818461643695064810698040288655562776,-1.88104928349122747015971818461643695064810698040288655562776,29239
CRT_934,2023,2025,staff_service_hours,declining,-54.0638606676342525399129172714078374455732946298984034833091,-54.0638606676342525399129172714078374455732946298984034833091,2756
CRT_934,2023,2025,total_hours,declining,-131.349782293178519593613933236574746008708272859216255442671,-131.349782293178519593613933236574746008708272859216255442671,2756
CRT_935,2023,2025,staff_service_hours,declining,-36.5131578947368421052631578947368421052631578947368421052632,-36.5131578947368421052631578947368421052631578947368421052632,3040
CRT_935,2023,2025,total_hours,declining,1.64473684210526315789473684210526315789473684210526315789474,1.64473684210526315789473684210526315789473684210526315789474,3040
CRT_936,2023,2025,staff_service_hours,declining,-19.6442382057231245166279969064191802010827532869296210363496,-19.6442382057231245166279969064191802010827532869296210363496,6465
CRT_936,2023,2025,total_hours,declining,16.7053364269141531322505800464037122969837587006960556844548,16.7053364269141531322505800464037122969837587006960556844548,6465
CRT_946,2023,2025,staff_service_hours,declining,2.82308657465495608531994981179422835633626097867001254705144,2.82308657465495608531994981179422835633626097867001254705144,6376
CRT_946,2023,2025,total_hours,declining,569.322459222082810539523212045169385194479297365119196988708,569.322459222082810539523212045169385194479297365119196988708,6376
CRT_977,2023,2025,staff_service_hours,nondeclining,-4.68841570619261574526274663020121117405743309240085954287947,-4.68841570619261574526274663020121117405743309240085954287947,15357
CRT_977,2023,2025,total_hours,nondeclining,-1.88838965943869245295305072605326561177313277332812398254867,-1.88838965943869245295305072605326561177313277332812398254867,15357
CRT_980,2023,2025,staff_service_hours,nondeclining,-10.2883726478394417439537172337697193809083589300092446246981,-10.2883726478394417439537172337697193809083589300092446246981,33533
CRT_980,2023,2025,total_hours,nondeclining,7.54480660841559061223272597143112754599946321534011272477858,7.54480660841559061223272597143112754599946321534011272477858,33533
CRT_981,2023,2025,staff_service_hours,declining,-18.6240140227870289219982471516213847502191060473269062226117,-18.6240140227870289219982471516213847502191060473269062226117,2282
CRT_981,2023,2025,total_hours,declining,1.31463628396143733567046450482033304119193689745836985100789,1.31463628396143733567046450482033304119193689745836985100789,2282
CRT_989,2023,2025,staff_service_hours,declining,-20.9700948212983223924142961342086068563092633114514952589351,-20.9700948212983223924142961342086068563092633114514952589351,5484
CRT_989,2023,2025,total_hours,declining,-13.3114514952589350838803792851932895696571845368344274252371,-13.3114514952589350838803792851932895696571845368344274252371,5484
CRT_992,2023,2025,staff_service_hours,declining,-46.6208101321104924118353532044983076755104269025002729555628,-46.6208101321104924118353532044983076755104269025002729555628,18318
CRT_992,2023,2025,total_hours,declining,-27.0771918331695599956327109946500709684463369363467627470248,-27.0771918331695599956327109946500709684463369363467627470248,18318
