source_scenario,start_year,end_year,decline_threshold_percent,weight,omitted_region,difference_lower,difference_upper,difference_lower_exact,difference_upper_exact,direction,interpretation
conservative_relaxation,2022,2025,0,population_2022,01,0.0527529770446981048542642101551468208624716456529858325471128,0.0527529770446981048542642101551468208624716456529858325471128,190432661878/3609894124395,190432661878/3609894124395,declining minus nondeclining,"national frame descriptive quantity; source-identification envelope, not causal or sampling inference"
conservative_relaxation,2022,2025,0,equal_territory,01,0.0660660660660660660660660660660660660660660660660660660660661,0.0660660660660660660660660660660660660660660660660660660660661,22/333,22/333,declining minus nondeclining,"national frame descriptive quantity; source-identification envelope, not causal or sampling inference"
conservative_relaxation,2022,2025,2,population_2022,01,0.0770022127880513223464056719446239802189482518500355442887876,0.0770022127880513223464056719446239802189482518500355442887876,277969835509/3609894124395,277969835509/3609894124395,declining minus nondeclining,"national frame descriptive quantity; source-identification envelope, not causal or sampling inference"
conservative_relaxation,2022,2025,2,equal_territory,01,0.0157984071027549288418853636244940592766679723201462331897115,0.0157984071027549288418853636244940592766679723201462331897115,121/7659,121/7659,declining minus nondeclining,"national frame descriptive quantity; source-identification envelope, not causal or sampling inference"
conservative_relaxation,2022,2025,5,population_2022,01,0.0323456319125617312411066480795664670880445039612531364466425,0.0323456319125617312411066480795664670880445039612531364466425,116764306591/3609894124395,116764306591/3609894124395,declining minus nondeclining,"national frame descriptive quantity; source-identification envelope, not causal or sampling inference"
conservative_relaxation,2022,2025,5,equal_territory,01,0.0736388562475518997258127692910301605953779866823345084214649,0.0736388562475518997258127692910301605953779866823345084214649,188/2553,188/2553,declining minus nondeclining,"national frame descriptive quantity; source-identification envelope, not causal or sampling inference"
conservative_relaxation,2023,2025,0,population_2022,01,-0.214454667107098348376019061436460143320424497687686843475236,-0.214454667107098348376019061436460143320424497687686843475236,-86017626971/401099347155,-86017626971/401099347155,declining minus nondeclining,"national frame descriptive quantity; source-identification envelope, not causal or sampling inference"
conservative_relaxation,2023,2025,0,equal_territory,01,-0.0498759629194411803107455281368324846585716150933542237890064,-0.0498759629194411803107455281368324846585716150933542237890064,-382/7659,-382/7659,declining minus nondeclining,"national frame descriptive quantity; source-identification envelope, not causal or sampling inference"
conservative_relaxation,2023,2025,2,population_2022,01,-0.132367953721657310933351174977930262944109976932131364391176,-0.132367953721657310933351174977930262944109976932131364391176,-53092699822/401099347155,-53092699822/401099347155,declining minus nondeclining,"national frame descriptive quantity; source-identification envelope, not causal or sampling inference"
conservative_relaxation,2023,2025,2,equal_territory,01,0.0176263219741480611045828437132784958871915393654524089306698,0.0176263219741480611045828437132784958871915393654524089306698,15/851,15/851,declining minus nondeclining,"national frame descriptive quantity; source-identification envelope, not causal or sampling inference"
conservative_relaxation,2023,2025,5,population_2022,01,-0.0202269220140181501357691427673492588579024603966829604843309,-0.0202269220140181501357691427673492588579024603966829604843309,-73017046933/3609894124395,-73017046933/3609894124395,declining minus nondeclining,"national frame descriptive quantity; source-identification envelope, not causal or sampling inference"
conservative_relaxation,2023,2025,5,equal_territory,01,0.0310745528136832484658571615093354223789006397702049875962919,0.0310745528136832484658571615093354223789006397702049875962919,238/7659,238/7659,declining minus nondeclining,"national frame descriptive quantity; source-identification envelope, not causal or sampling inference"
published_accounting,2022,2025,0,population_2022,01,0.0527529770446981048542642101551468208624716456529858325471128,0.0527529770446981048542642101551468208624716456529858325471128,190432661878/3609894124395,190432661878/3609894124395,declining minus nondeclining,"national frame descriptive quantity; source-identification envelope, not causal or sampling inference"
published_accounting,2022,2025,0,equal_territory,01,0.0660660660660660660660660660660660660660660660660660660660661,0.0660660660660660660660660660660660660660660660660660660660661,22/333,22/333,declining minus nondeclining,"national frame descriptive quantity; source-identification envelope, not causal or sampling inference"
published_accounting,2022,2025,2,population_2022,01,0.0770022127880513223464056719446239802189482518500355442887876,0.0770022127880513223464056719446239802189482518500355442887876,277969835509/3609894124395,277969835509/3609894124395,declining minus nondeclining,"national frame descriptive quantity; source-identification envelope, not causal or sampling inference"
published_accounting,2022,2025,2,equal_territory,01,0.0157984071027549288418853636244940592766679723201462331897115,0.0157984071027549288418853636244940592766679723201462331897115,121/7659,121/7659,declining minus nondeclining,"national frame descriptive quantity; source-identification envelope, not causal or sampling inference"
published_accounting,2022,2025,5,population_2022,01,0.0323456319125617312411066480795664670880445039612531364466425,0.0323456319125617312411066480795664670880445039612531364466425,116764306591/3609894124395,116764306591/3609894124395,declining minus nondeclining,"national frame descriptive quantity; source-identification envelope, not causal or sampling inference"
published_accounting,2022,2025,5,equal_territory,01,0.0736388562475518997258127692910301605953779866823345084214649,0.0736388562475518997258127692910301605953779866823345084214649,188/2553,188/2553,declining minus nondeclining,"national frame descriptive quantity; source-identification envelope, not causal or sampling inference"
published_accounting,2023,2025,0,population_2022,01,-0.214454667107098348376019061436460143320424497687686843475236,-0.214454667107098348376019061436460143320424497687686843475236,-86017626971/401099347155,-86017626971/401099347155,declining minus nondeclining,"national frame descriptive quantity; source-identification envelope, not causal or sampling inference"
published_accounting,2023,2025,0,equal_territory,01,-0.0498759629194411803107455281368324846585716150933542237890064,-0.0498759629194411803107455281368324846585716150933542237890064,-382/7659,-382/7659,declining minus nondeclining,"national frame descriptive quantity; source-identification envelope, not causal or sampling inference"
published_accounting,2023,2025,2,population_2022,01,-0.132367953721657310933351174977930262944109976932131364391176,-0.132367953721657310933351174977930262944109976932131364391176,-53092699822/401099347155,-53092699822/401099347155,declining minus nondeclining,"national frame descriptive quantity; source-identification envelope, not causal or sampling inference"
published_accounting,2023,2025,2,equal_territory,01,0.0176263219741480611045828437132784958871915393654524089306698,0.0176263219741480611045828437132784958871915393654524089306698,15/851,15/851,declining minus nondeclining,"national frame descriptive quantity; source-identification envelope, not causal or sampling inference"
published_accounting,2023,2025,5,population_2022,01,-0.0202269220140181501357691427673492588579024603966829604843309,-0.0202269220140181501357691427673492588579024603966829604843309,-73017046933/3609894124395,-73017046933/3609894124395,declining minus nondeclining,"national frame descriptive quantity; source-identification envelope, not causal or sampling inference"
published_accounting,2023,2025,5,equal_territory,01,0.0310745528136832484658571615093354223789006397702049875962919,0.0310745528136832484658571615093354223789006397702049875962919,238/7659,238/7659,declining minus nondeclining,"national frame descriptive quantity; source-identification envelope, not causal or sampling inference"
conservative_relaxation,2022,2025,0,population_2022,02,0.0909698273660474810822991472613703308359534553196272484244308,0.0929951964371128389383489325193107873380646035744865166446647,61066291469/671280722819,62425882683/671280722819,declining minus nondeclining,"national frame descriptive quantity; source-identification envelope, not causal or sampling inference"
conservative_relaxation,2022,2025,0,equal_territory,02,-0.0245049504950495049504950495049504950495049504950495049504950,0.000495049504950495049504950495049504950495049504950495049504950,-99/4040,1/2020,declining minus nondeclining,"national frame descriptive quantity; source-identification envelope, not causal or sampling inference"
conservative_relaxation,2022,2025,2,population_2022,02,0.194143053118488789497256481720345915337791216958284197498274,0.196168422189554147353306266978286371839902365213143465718508,390973467083/2013842168457,395052240725/2013842168457,declining minus nondeclining,"national frame descriptive quantity; source-identification envelope, not causal or sampling inference"
conservative_relaxation,2022,2025,2,equal_territory,02,-0.00371287128712871287128712871287128712871287128712871287128713,0.0212871287128712871287128712871287128712871287128712871287129,-3/808,43/2020,declining minus nondeclining,"national frame descriptive quantity; source-identification envelope, not causal or sampling inference"
conservative_relaxation,2022,2025,5,population_2022,02,0.142976883274131324249697598356123108825106168532134183109833,0.145002252345196682105747383614063565327217316786993451330067,287932876652/2013842168457,41715950042/287691738351,declining minus nondeclining,"national frame descriptive quantity; source-identification envelope, not causal or sampling inference"
conservative_relaxation,2022,2025,5,equal_territory,02,0.0269801980198019801980198019801980198019801980198019801980198,0.0519801980198019801980198019801980198019801980198019801980198,109/4040,21/404,declining minus nondeclining,"national frame descriptive quantity; source-identification envelope, not causal or sampling inference"
conservative_relaxation,2023,2025,0,population_2022,02,-0.0402999768830855619289177076157462840551682936985695741870838,-0.0382746078120202040728679223578058275530571454437103059668499,-11593970405/287691738351,-77079019193/2013842168457,declining minus nondeclining,"national frame descriptive quantity; source-identification envelope, not causal or sampling inference"
conservative_relaxation,2023,2025,0,equal_territory,02,-0.00321782178217821782178217821782178217821782178217821782178218,0.0217821782178217821782178217821782178217821782178217821782178,-13/4040,11/505,declining minus nondeclining,"national frame descriptive quantity; source-identification envelope, not causal or sampling inference"
conservative_relaxation,2023,2025,2,population_2022,02,-0.00116436059872388530022238784395062322248213306223989306720901,0.000861008472341472555827397413989833279629015192619375153024875,-2344838473/2013842168457,1733935169/2013842168457,declining minus nondeclining,"national frame descriptive quantity; source-identification envelope, not causal or sampling inference"
conservative_relaxation,2023,2025,2,equal_territory,02,0.00742574257425742574257425742574257425742574257425742574257426,0.0324257425742574257425742574257425742574257425742574257425743,3/404,131/4040,declining minus nondeclining,"national frame descriptive quantity; source-identification envelope, not causal or sampling inference"
conservative_relaxation,2023,2025,5,population_2022,02,0.0524421964115084098487010411528653740024081788324632311868267,0.0544675654825737677047508264108058305045193270873224994070606,105610306540/2013842168457,109689080182/2013842168457,declining minus nondeclining,"national frame descriptive quantity; source-identification envelope, not causal or sampling inference"
conservative_relaxation,2023,2025,5,equal_territory,02,0.0230198019801980198019801980198019801980198019801980198019802,0.0480198019801980198019801980198019801980198019801980198019802,93/4040,97/2020,declining minus nondeclining,"national frame descriptive quantity; source-identification envelope, not causal or sampling inference"
published_accounting,2022,2025,0,population_2022,02,0.0909698273660474810822991472613703308359534553196272484244308,0.0929951964371128389383489325193107873380646035744865166446647,61066291469/671280722819,62425882683/671280722819,declining minus nondeclining,"national frame descriptive quantity; source-identification envelope, not causal or sampling inference"
published_accounting,2022,2025,0,equal_territory,02,-0.0245049504950495049504950495049504950495049504950495049504950,0.000495049504950495049504950495049504950495049504950495049504950,-99/4040,1/2020,declining minus nondeclining,"national frame descriptive quantity; source-identification envelope, not causal or sampling inference"
published_accounting,2022,2025,2,population_2022,02,0.194143053118488789497256481720345915337791216958284197498274,0.196168422189554147353306266978286371839902365213143465718508,390973467083/2013842168457,395052240725/2013842168457,declining minus nondeclining,"national frame descriptive quantity; source-identification envelope, not causal or sampling inference"
published_accounting,2022,2025,2,equal_territory,02,-0.00371287128712871287128712871287128712871287128712871287128713,0.0212871287128712871287128712871287128712871287128712871287129,-3/808,43/2020,declining minus nondeclining,"national frame descriptive quantity; source-identification envelope, not causal or sampling inference"
published_accounting,2022,2025,5,population_2022,02,0.142976883274131324249697598356123108825106168532134183109833,0.145002252345196682105747383614063565327217316786993451330067,287932876652/2013842168457,41715950042/287691738351,declining minus nondeclining,"national frame descriptive quantity; source-identification envelope, not causal or sampling inference"
published_accounting,2022,2025,5,equal_territory,02,0.0269801980198019801980198019801980198019801980198019801980198,0.0519801980198019801980198019801980198019801980198019801980198,109/4040,21/404,declining minus nondeclining,"national frame descriptive quantity; source-identification envelope, not causal or sampling inference"
published_accounting,2023,2025,0,population_2022,02,-0.0402999768830855619289177076157462840551682936985695741870838,-0.0382746078120202040728679223578058275530571454437103059668499,-11593970405/287691738351,-77079019193/2013842168457,declining minus nondeclining,"national frame descriptive quantity; source-identification envelope, not causal or sampling inference"
published_accounting,2023,2025,0,equal_territory,02,-0.00321782178217821782178217821782178217821782178217821782178218,0.0217821782178217821782178217821782178217821782178217821782178,-13/4040,11/505,declining minus nondeclining,"national frame descriptive quantity; source-identification envelope, not causal or sampling inference"
published_accounting,2023,2025,2,population_2022,02,-0.00116436059872388530022238784395062322248213306223989306720901,0.000861008472341472555827397413989833279629015192619375153024875,-2344838473/2013842168457,1733935169/2013842168457,declining minus nondeclining,"national frame descriptive quantity; source-identification envelope, not causal or sampling inference"
published_accounting,2023,2025,2,equal_territory,02,0.00742574257425742574257425742574257425742574257425742574257426,0.0324257425742574257425742574257425742574257425742574257425743,3/404,131/4040,declining minus nondeclining,"national frame descriptive quantity; source-identification envelope, not causal or sampling inference"
published_accounting,2023,2025,5,population_2022,02,0.0524421964115084098487010411528653740024081788324632311868267,0.0544675654825737677047508264108058305045193270873224994070606,105610306540/2013842168457,109689080182/2013842168457,declining minus nondeclining,"national frame descriptive quantity; source-identification envelope, not causal or sampling inference"
published_accounting,2023,2025,5,equal_territory,02,0.0230198019801980198019801980198019801980198019801980198019802,0.0480198019801980198019801980198019801980198019801980198019802,93/4040,97/2020,declining minus nondeclining,"national frame descriptive quantity; source-identification envelope, not causal or sampling inference"
conservative_relaxation,2022,2025,0,population_2022,04,0.0762780968914061348458595250731870285564781022764090189718542,0.0781058612153810474682265476987743135921663950301108462643449,46356094/607724837,2753078563/35248040546,declining minus nondeclining,"national frame descriptive quantity; source-identification envelope, not causal or sampling inference"
conservative_relaxation,2022,2025,0,equal_territory,04,-0.00128078817733990147783251231527093596059113300492610837438424,0.0187192118226600985221674876847290640394088669950738916256158,-13/10150,19/1015,declining minus nondeclining,"national frame descriptive quantity; source-identification envelope, not causal or sampling inference"
conservative_relaxation,2022,2025,2,population_2022,04,0.168136549867664805539684367565752175414556730633874254395554,0.169964314191639718162051390191339460450245023387576081688044,5926483927/35248040546,130237153/766261751,declining minus nondeclining,"national frame descriptive quantity; source-identification envelope, not causal or sampling inference"
conservative_relaxation,2022,2025,2,equal_territory,04,0.00975369458128078817733990147783251231527093596059113300492611,0.0297536945812807881773399014778325123152709359605911330049261,99/10150,151/5075,declining minus nondeclining,"national frame descriptive quantity; source-identification envelope, not causal or sampling inference"
conservative_relaxation,2022,2025,5,population_2022,04,0.119740539363938122723697118842959015926683506488043177933537,0.121568303687913035346064141468546300962371799241745005226028,8441238773/70496081092,372612565/3065047004,declining minus nondeclining,"national frame descriptive quantity; source-identification envelope, not causal or sampling inference"
conservative_relaxation,2022,2025,5,equal_territory,04,0.0607881773399014778325123152709359605911330049261083743842365,0.0807881773399014778325123152709359605911330049261083743842365,617/10150,82/1015,declining minus nondeclining,"national frame descriptive quantity; source-identification envelope, not causal or sampling inference"
conservative_relaxation,2023,2025,0,population_2022,04,-0.0229222287816418469005241594231568324070322635176419488677242,-0.0210944644576669342781571367975695473713439707639401215752335,-55721631/2430899348,-1487077077/70496081092,declining minus nondeclining,"national frame descriptive quantity; source-identification envelope, not causal or sampling inference"
conservative_relaxation,2023,2025,0,equal_territory,04,-0.0195073891625615763546798029556650246305418719211822660098522,0.000492610837438423645320197044334975369458128078817733990147783,-99/5075,1/2030,declining minus nondeclining,"national frame descriptive quantity; source-identification envelope, not causal or sampling inference"
conservative_relaxation,2023,2025,2,population_2022,04,0.0160154559588436987268324847324691907995968520070936938373550,0.0178432202828186113491995073580564758352851447607955211298457,18210111/1137033566,314469276/17624020273,declining minus nondeclining,"national frame descriptive quantity; source-identification envelope, not causal or sampling inference"
conservative_relaxation,2023,2025,2,equal_territory,04,0.0413793103448275862068965517241379310344827586206896551724138,0.0613793103448275862068965517241379310344827586206896551724138,6/145,89/1450,declining minus nondeclining,"national frame descriptive quantity; source-identification envelope, not causal or sampling inference"
conservative_relaxation,2023,2025,5,population_2022,04,0.0606390029457270359325806025189199463195601602108983229946833,0.0624667672697019485549476251445072313552484529646001502871739,104263709/1719416612,4403662291/70496081092,declining minus nondeclining,"national frame descriptive quantity; source-identification envelope, not causal or sampling inference"
conservative_relaxation,2023,2025,5,equal_territory,04,0.0422660098522167487684729064039408866995073891625615763546798,0.0622660098522167487684729064039408866995073891625615763546798,429/10150,316/5075,declining minus nondeclining,"national frame descriptive quantity; source-identification envelope, not causal or sampling inference"
published_accounting,2022,2025,0,population_2022,04,0.0762780968914061348458595250731870285564781022764090189718542,0.0781058612153810474682265476987743135921663950301108462643449,46356094/607724837,2753078563/35248040546,declining minus nondeclining,"national frame descriptive quantity; source-identification envelope, not causal or sampling inference"
published_accounting,2022,2025,0,equal_territory,04,-0.00128078817733990147783251231527093596059113300492610837438424,0.0187192118226600985221674876847290640394088669950738916256158,-13/10150,19/1015,declining minus nondeclining,"national frame descriptive quantity; source-identification envelope, not causal or sampling inference"
published_accounting,2022,2025,2,population_2022,04,0.168136549867664805539684367565752175414556730633874254395554,0.169964314191639718162051390191339460450245023387576081688044,5926483927/35248040546,130237153/766261751,declining minus nondeclining,"national frame descriptive quantity; source-identification envelope, not causal or sampling inference"
published_accounting,2022,2025,2,equal_territory,04,0.00975369458128078817733990147783251231527093596059113300492611,0.0297536945812807881773399014778325123152709359605911330049261,99/10150,151/5075,declining minus nondeclining,"national frame descriptive quantity; source-identification envelope, not causal or sampling inference"
published_accounting,2022,2025,5,population_2022,04,0.119740539363938122723697118842959015926683506488043177933537,0.121568303687913035346064141468546300962371799241745005226028,8441238773/70496081092,372612565/3065047004,declining minus nondeclining,"national frame descriptive quantity; source-identification envelope, not causal or sampling inference"
published_accounting,2022,2025,5,equal_territory,04,0.0607881773399014778325123152709359605911330049261083743842365,0.0807881773399014778325123152709359605911330049261083743842365,617/10150,82/1015,declining minus nondeclining,"national frame descriptive quantity; source-identification envelope, not causal or sampling inference"
published_accounting,2023,2025,0,population_2022,04,-0.0229222287816418469005241594231568324070322635176419488677242,-0.0210944644576669342781571367975695473713439707639401215752335,-55721631/2430899348,-1487077077/70496081092,declining minus nondeclining,"national frame descriptive quantity; source-identification envelope, not causal or sampling inference"
published_accounting,2023,2025,0,equal_territory,04,-0.0195073891625615763546798029556650246305418719211822660098522,0.000492610837438423645320197044334975369458128078817733990147783,-99/5075,1/2030,declining minus nondeclining,"national frame descriptive quantity; source-identification envelope, not causal or sampling inference"
published_accounting,2023,2025,2,population_2022,04,0.0160154559588436987268324847324691907995968520070936938373550,0.0178432202828186113491995073580564758352851447607955211298457,18210111/1137033566,314469276/17624020273,declining minus nondeclining,"national frame descriptive quantity; source-identification envelope, not causal or sampling inference"
published_accounting,2023,2025,2,equal_territory,04,0.0413793103448275862068965517241379310344827586206896551724138,0.0613793103448275862068965517241379310344827586206896551724138,6/145,89/1450,declining minus nondeclining,"national frame descriptive quantity; source-identification envelope, not causal or sampling inference"
published_accounting,2023,2025,5,population_2022,04,0.0606390029457270359325806025189199463195601602108983229946833,0.0624667672697019485549476251445072313552484529646001502871739,104263709/1719416612,4403662291/70496081092,declining minus nondeclining,"national frame descriptive quantity; source-identification envelope, not causal or sampling inference"
published_accounting,2023,2025,5,equal_territory,04,0.0422660098522167487684729064039408866995073891625615763546798,0.0622660098522167487684729064039408866995073891625615763546798,429/10150,316/5075,declining minus nondeclining,"national frame descriptive quantity; source-identification envelope, not causal or sampling inference"
conservative_relaxation,2022,2025,0,population_2022,05,0.0888970423245472956607076981863456010905186859526067926890579,0.0907621923957016574426452334136980058190562945461397955836817,598094938114/6727950924739,610643576260/6727950924739,declining minus nondeclining,"national frame descriptive quantity; source-identification envelope, not causal or sampling inference"
conservative_relaxation,2022,2025,0,equal_territory,05,0.00412087912087912087912087912087912087912087912087912087912088,0.0245290423861852433281004709576138147566718995290423861852433,3/728,125/5096,declining minus nondeclining,"national frame descriptive quantity; source-identification envelope, not causal or sampling inference"
conservative_relaxation,2022,2025,2,population_2022,05,0.182517932957074472195529047685946532293713489732189035076843,0.184383083028228833977466582913298937022251098325722037971467,1227971695820/6727950924739,1240520333966/6727950924739,declining minus nondeclining,"national frame descriptive quantity; source-identification envelope, not causal or sampling inference"
conservative_relaxation,2022,2025,2,equal_territory,05,0.0136381475667189952904238618524332810047095761381475667189953,0.0340463108320251177394034536891679748822605965463108320251177,139/10192,347/10192,declining minus nondeclining,"national frame descriptive quantity; source-identification envelope, not causal or sampling inference"
conservative_relaxation,2022,2025,5,population_2022,05,0.132199058983103975954549659222453002814829573646848578747894,0.134064209054258337736487194449805407543367182240381581642518,889428781135/6727950924739,901977419281/6727950924739,declining minus nondeclining,"national frame descriptive quantity; source-identification envelope, not causal or sampling inference"
conservative_relaxation,2022,2025,5,equal_territory,05,0.0639717425431711145996860282574568288854003139717425431711146,0.0843799058084772370486656200941915227629513343799058084772370,163/2548,215/2548,declining minus nondeclining,"national frame descriptive quantity; source-identification envelope, not causal or sampling inference"
conservative_relaxation,2023,2025,0,population_2022,05,-0.00409174144846604161549374512740576618850009001443459897023066,-0.00222659137731167983355620990005336145996248142090159607560683,-27529035662/6727950924739,-14980397516/6727950924739,declining minus nondeclining,"national frame descriptive quantity; source-identification envelope, not causal or sampling inference"
conservative_relaxation,2023,2025,0,equal_territory,05,0.0208006279434850863422291993720565149136577708006279434850863,0.0412087912087912087912087912087912087912087912087912087912088,53/2548,15/364,declining minus nondeclining,"national frame descriptive quantity; source-identification envelope, not causal or sampling inference"
conservative_relaxation,2023,2025,2,population_2022,05,0.0364027857054413825215468855159825258564399292565486157341374,0.0382679357765957443034844207433349305849775378500816186287612,244916155750/6727950924739,257464793896/6727950924739,declining minus nondeclining,"national frame descriptive quantity; source-identification envelope, not causal or sampling inference"
conservative_relaxation,2023,2025,2,equal_territory,05,0.0759419152276295133437990580847723704866562009419152276295133,0.0963500784929356357927786499215070643642072213500784929356358,387/5096,491/5096,declining minus nondeclining,"national frame descriptive quantity; source-identification envelope, not causal or sampling inference"
conservative_relaxation,2023,2025,5,population_2022,05,0.0615032194284402186347432219214155431613064949288554739534506,0.0633683694995945804166807571487679478898441035223884768480744,413790642028/6727950924739,426339280174/6727950924739,declining minus nondeclining,"national frame descriptive quantity; source-identification envelope, not causal or sampling inference"
conservative_relaxation,2023,2025,5,equal_territory,05,0.0542582417582417582417582417582417582417582417582417582417582,0.0746664050235478806907378335949764521193092621664050235478807,79/1456,761/10192,declining minus nondeclining,"national frame descriptive quantity; source-identification envelope, not causal or sampling inference"
published_accounting,2022,2025,0,population_2022,05,0.0888970423245472956607076981863456010905186859526067926890579,0.0907621923957016574426452334136980058190562945461397955836817,598094938114/6727950924739,610643576260/6727950924739,declining minus nondeclining,"national frame descriptive quantity; source-identification envelope, not causal or sampling inference"
published_accounting,2022,2025,0,equal_territory,05,0.00412087912087912087912087912087912087912087912087912087912088,0.0245290423861852433281004709576138147566718995290423861852433,3/728,125/5096,declining minus nondeclining,"national frame descriptive quantity; source-identification envelope, not causal or sampling inference"
published_accounting,2022,2025,2,population_2022,05,0.182517932957074472195529047685946532293713489732189035076843,0.184383083028228833977466582913298937022251098325722037971467,1227971695820/6727950924739,1240520333966/6727950924739,declining minus nondeclining,"national frame descriptive quantity; source-identification envelope, not causal or sampling inference"
published_accounting,2022,2025,2,equal_territory,05,0.0136381475667189952904238618524332810047095761381475667189953,0.0340463108320251177394034536891679748822605965463108320251177,139/10192,347/10192,declining minus nondeclining,"national frame descriptive quantity; source-identification envelope, not causal or sampling inference"
published_accounting,2022,2025,5,population_2022,05,0.132199058983103975954549659222453002814829573646848578747894,0.134064209054258337736487194449805407543367182240381581642518,889428781135/6727950924739,901977419281/6727950924739,declining minus nondeclining,"national frame descriptive quantity; source-identification envelope, not causal or sampling inference"
published_accounting,2022,2025,5,equal_territory,05,0.0639717425431711145996860282574568288854003139717425431711146,0.0843799058084772370486656200941915227629513343799058084772370,163/2548,215/2548,declining minus nondeclining,"national frame descriptive quantity; source-identification envelope, not causal or sampling inference"
published_accounting,2023,2025,0,population_2022,05,-0.00409174144846604161549374512740576618850009001443459897023066,-0.00222659137731167983355620990005336145996248142090159607560683,-27529035662/6727950924739,-14980397516/6727950924739,declining minus nondeclining,"national frame descriptive quantity; source-identification envelope, not causal or sampling inference"
published_accounting,2023,2025,0,equal_territory,05,0.0208006279434850863422291993720565149136577708006279434850863,0.0412087912087912087912087912087912087912087912087912087912088,53/2548,15/364,declining minus nondeclining,"national frame descriptive quantity; source-identification envelope, not causal or sampling inference"
published_accounting,2023,2025,2,population_2022,05,0.0364027857054413825215468855159825258564399292565486157341374,0.0382679357765957443034844207433349305849775378500816186287612,244916155750/6727950924739,257464793896/6727950924739,declining minus nondeclining,"national frame descriptive quantity; source-identification envelope, not causal or sampling inference"
published_accounting,2023,2025,2,equal_territory,05,0.0759419152276295133437990580847723704866562009419152276295133,0.0963500784929356357927786499215070643642072213500784929356358,387/5096,491/5096,declining minus nondeclining,"national frame descriptive quantity; source-identification envelope, not causal or sampling inference"
published_accounting,2023,2025,5,population_2022,05,0.0615032194284402186347432219214155431613064949288554739534506,0.0633683694995945804166807571487679478898441035223884768480744,413790642028/6727950924739,426339280174/6727950924739,declining minus nondeclining,"national frame descriptive quantity; source-identification envelope, not causal or sampling inference"
published_accounting,2023,2025,5,equal_territory,05,0.0542582417582417582417582417582417582417582417582417582417582,0.0746664050235478806907378335949764521193092621664050235478807,79/1456,761/10192,declining minus nondeclining,"national frame descriptive quantity; source-identification envelope, not causal or sampling inference"
conservative_relaxation,2022,2025,0,population_2022,06,0.122028980768383412073483989922834938135230587605795104399039,0.124094019836870209550391402340256697876364380014394302905335,182123545800/1492461419027,370411073877/2984922838054,declining minus nondeclining,"national frame descriptive quantity; source-identification envelope, not causal or sampling inference"
conservative_relaxation,2022,2025,0,equal_territory,06,-0.0265339966832504145936981757877280265339966832504145936981758,-0.00431177446102819237147595356550580431177446102819237147595357,-16/603,-13/3015,declining minus nondeclining,"national frame descriptive quantity; source-identification envelope, not causal or sampling inference"
conservative_relaxation,2022,2025,2,population_2022,06,0.243422951124492404932069272516875781056317110674657539011254,0.245487990192979202408976684934297540797450903083256737517549,363299363059/1492461419027,732762708395/2984922838054,declining minus nondeclining,"national frame descriptive quantity; source-identification envelope, not causal or sampling inference"
conservative_relaxation,2022,2025,2,equal_territory,06,-0.00232172470978441127694859038142620232172470978441127694859038,0.0199004975124378109452736318407960199004975124378109452736318,-7/3015,4/201,declining minus nondeclining,"national frame descriptive quantity; source-identification envelope, not causal or sampling inference"
conservative_relaxation,2022,2025,5,population_2022,06,0.207827450498496711114339759559247156989255697980149995525302,0.209892489566983508591247171976668916730389490388749194031597,11595306605/55792950244,11710521227/55792950244,declining minus nondeclining,"national frame descriptive quantity; source-identification envelope, not causal or sampling inference"
conservative_relaxation,2022,2025,5,equal_territory,06,0.0613598673300165837479270315091210613598673300165837479270315,0.0835820895522388059701492537313432835820895522388059701492537,37/603,28/335,declining minus nondeclining,"national frame descriptive quantity; source-identification envelope, not causal or sampling inference"
conservative_relaxation,2023,2025,0,population_2022,06,0.0337068181449519372199505397700745089921872132878303537849970,0.0357718572134387346968579521874962687333210056964295522912920,100612251279/2984922838054,53388116778/1492461419027,declining minus nondeclining,"national frame descriptive quantity; source-identification envelope, not causal or sampling inference"
conservative_relaxation,2023,2025,0,equal_territory,06,0.0122719734660033167495854063018242122719734660033167495854063,0.0344941956882255389718076285240464344941956882255389718076285,37/3015,104/3015,declining minus nondeclining,"national frame descriptive quantity; source-identification envelope, not causal or sampling inference"
conservative_relaxation,2023,2025,2,population_2022,06,0.0853991600837114990627036031444019543630837047669081085782449,0.0874641991521982965396110155618237141042174971755073070845400,509819806569/5969845676108,522147771123/5969845676108,declining minus nondeclining,"national frame descriptive quantity; source-identification envelope, not causal or sampling inference"
conservative_relaxation,2023,2025,2,equal_territory,06,0.0809286898839137645107794361525704809286898839137645107794362,0.103150912106135986733001658374792703150912106135986733001658,244/3015,311/3015,declining minus nondeclining,"national frame descriptive quantity; source-identification envelope, not causal or sampling inference"
conservative_relaxation,2023,2025,5,population_2022,06,0.148472834630267406239050511785152977667559304327300603261466,0.150537873698754203715957924202574737408693096735899801767761,886359909837/5969845676108,898687874391/5969845676108,declining minus nondeclining,"national frame descriptive quantity; source-identification envelope, not causal or sampling inference"
conservative_relaxation,2023,2025,5,equal_territory,06,0.0829187396351575456053067993366500829187396351575456053067993,0.105140961857379767827529021558872305140961857379767827529022,50/603,317/3015,declining minus nondeclining,"national frame descriptive quantity; source-identification envelope, not causal or sampling inference"
published_accounting,2022,2025,0,population_2022,06,0.122028980768383412073483989922834938135230587605795104399039,0.124094019836870209550391402340256697876364380014394302905335,182123545800/1492461419027,370411073877/2984922838054,declining minus nondeclining,"national frame descriptive quantity; source-identification envelope, not causal or sampling inference"
published_accounting,2022,2025,0,equal_territory,06,-0.0265339966832504145936981757877280265339966832504145936981758,-0.00431177446102819237147595356550580431177446102819237147595357,-16/603,-13/3015,declining minus nondeclining,"national frame descriptive quantity; source-identification envelope, not causal or sampling inference"
published_accounting,2022,2025,2,population_2022,06,0.243422951124492404932069272516875781056317110674657539011254,0.245487990192979202408976684934297540797450903083256737517549,363299363059/1492461419027,732762708395/2984922838054,declining minus nondeclining,"national frame descriptive quantity; source-identification envelope, not causal or sampling inference"
published_accounting,2022,2025,2,equal_territory,06,-0.00232172470978441127694859038142620232172470978441127694859038,0.0199004975124378109452736318407960199004975124378109452736318,-7/3015,4/201,declining minus nondeclining,"national frame descriptive quantity; source-identification envelope, not causal or sampling inference"
published_accounting,2022,2025,5,population_2022,06,0.207827450498496711114339759559247156989255697980149995525302,0.209892489566983508591247171976668916730389490388749194031597,11595306605/55792950244,11710521227/55792950244,declining minus nondeclining,"national frame descriptive quantity; source-identification envelope, not causal or sampling inference"
published_accounting,2022,2025,5,equal_territory,06,0.0613598673300165837479270315091210613598673300165837479270315,0.0835820895522388059701492537313432835820895522388059701492537,37/603,28/335,declining minus nondeclining,"national frame descriptive quantity; source-identification envelope, not causal or sampling inference"
published_accounting,2023,2025,0,population_2022,06,0.0337068181449519372199505397700745089921872132878303537849970,0.0357718572134387346968579521874962687333210056964295522912920,100612251279/2984922838054,53388116778/1492461419027,declining minus nondeclining,"national frame descriptive quantity; source-identification envelope, not causal or sampling inference"
published_accounting,2023,2025,0,equal_territory,06,0.0122719734660033167495854063018242122719734660033167495854063,0.0344941956882255389718076285240464344941956882255389718076285,37/3015,104/3015,declining minus nondeclining,"national frame descriptive quantity; source-identification envelope, not causal or sampling inference"
published_accounting,2023,2025,2,population_2022,06,0.0853991600837114990627036031444019543630837047669081085782449,0.0874641991521982965396110155618237141042174971755073070845400,509819806569/5969845676108,522147771123/5969845676108,declining minus nondeclining,"national frame descriptive quantity; source-identification envelope, not causal or sampling inference"
published_accounting,2023,2025,2,equal_territory,06,0.0809286898839137645107794361525704809286898839137645107794362,0.103150912106135986733001658374792703150912106135986733001658,244/3015,311/3015,declining minus nondeclining,"national frame descriptive quantity; source-identification envelope, not causal or sampling inference"
published_accounting,2023,2025,5,population_2022,06,0.148472834630267406239050511785152977667559304327300603261466,0.150537873698754203715957924202574737408693096735899801767761,886359909837/5969845676108,898687874391/5969845676108,declining minus nondeclining,"national frame descriptive quantity; source-identification envelope, not causal or sampling inference"
published_accounting,2023,2025,5,equal_territory,06,0.0829187396351575456053067993366500829187396351575456053067993,0.105140961857379767827529021558872305140961857379767827529022,50/603,317/3015,declining minus nondeclining,"national frame descriptive quantity; source-identification envelope, not causal or sampling inference"
conservative_relaxation,2022,2025,0,population_2022,07,0.0814436677037859454988925943964964914721073916778185910265866,0.0833385005087896737154232527484810980191552219903131454458607,5131441459/63006021262,5250827335/63006021262,declining minus nondeclining,"national frame descriptive quantity; source-identification envelope, not causal or sampling inference"
conservative_relaxation,2022,2025,0,equal_territory,07,0.00476190476190476190476190476190476190476190476190476190476190,0.0251700680272108843537414965986394557823129251700680272108844,1/210,37/1470,declining minus nondeclining,"national frame descriptive quantity; source-identification envelope, not causal or sampling inference"
conservative_relaxation,2022,2025,2,population_2022,07,0.178298823318579478150702084877190606310086795462885358031481,0.180193656123583206367232743229175212857134625775379912450756,11233899453/63006021262,11353285329/63006021262,declining minus nondeclining,"national frame descriptive quantity; source-identification envelope, not causal or sampling inference"
conservative_relaxation,2022,2025,2,equal_territory,07,0.0149659863945578231292517006802721088435374149659863945578231,0.0353741496598639455782312925170068027210884353741496598639456,11/735,26/735,declining minus nondeclining,"national frame descriptive quantity; source-identification envelope, not causal or sampling inference"
conservative_relaxation,2022,2025,5,population_2022,07,0.128379454693140880462790838969958128126690787707527406319276,0.130274287498144608679321497321942734673738618020021960738550,4044339326/31503010631,4104032264/31503010631,declining minus nondeclining,"national frame descriptive quantity; source-identification envelope, not causal or sampling inference"
conservative_relaxation,2022,2025,5,equal_territory,07,0.0612244897959183673469387755102040816326530612244897959183673,0.0816326530612244897959183673469387755102040816326530612244898,3/49,4/49,declining minus nondeclining,"national frame descriptive quantity; source-identification envelope, not causal or sampling inference"
conservative_relaxation,2023,2025,0,population_2022,07,-0.0579142400188462800255593768300880842882765429112171003031777,-0.0560194072138425518090287184781034777412287125987225458839036,-1824472919/31503010631,-1764779981/31503010631,declining minus nondeclining,"national frame descriptive quantity; source-identification envelope, not causal or sampling inference"
conservative_relaxation,2023,2025,0,equal_territory,07,-0.0217687074829931972789115646258503401360544217687074829931973,-0.00136054421768707482993197278911564625850340136054421768707483,-16/735,-1/735,declining minus nondeclining,"national frame descriptive quantity; source-identification envelope, not causal or sampling inference"
conservative_relaxation,2023,2025,2,population_2022,07,-0.0101595163157217422963577325150285887925299986227846440395026,-0.00826468351071801407982707416304398224548216831029008962022846,-640110701/63006021262,-520724825/63006021262,declining minus nondeclining,"national frame descriptive quantity; source-identification envelope, not causal or sampling inference"
conservative_relaxation,2023,2025,2,equal_territory,07,0.0435374149659863945578231292517006802721088435374149659863946,0.0639455782312925170068027210884353741496598639455782312925170,32/735,47/735,declining minus nondeclining,"national frame descriptive quantity; source-identification envelope, not causal or sampling inference"
conservative_relaxation,2023,2025,5,population_2022,07,0.0359229417151765427406334039401416599166432855970933186458728,0.0378177745201802709571640622921262664636911159095878730651469,4526723259/126012042524,4765495011/126012042524,declining minus nondeclining,"national frame descriptive quantity; source-identification envelope, not causal or sampling inference"
conservative_relaxation,2023,2025,5,equal_territory,07,0.0380952380952380952380952380952380952380952380952380952380952,0.0585034013605442176870748299319727891156462585034013605442177,4/105,43/735,declining minus nondeclining,"national frame descriptive quantity; source-identification envelope, not causal or sampling inference"
published_accounting,2022,2025,0,population_2022,07,0.0814436677037859454988925943964964914721073916778185910265866,0.0833385005087896737154232527484810980191552219903131454458607,5131441459/63006021262,5250827335/63006021262,declining minus nondeclining,"national frame descriptive quantity; source-identification envelope, not causal or sampling inference"
published_accounting,2022,2025,0,equal_territory,07,0.00476190476190476190476190476190476190476190476190476190476190,0.0251700680272108843537414965986394557823129251700680272108844,1/210,37/1470,declining minus nondeclining,"national frame descriptive quantity; source-identification envelope, not causal or sampling inference"
published_accounting,2022,2025,2,population_2022,07,0.178298823318579478150702084877190606310086795462885358031481,0.180193656123583206367232743229175212857134625775379912450756,11233899453/63006021262,11353285329/63006021262,declining minus nondeclining,"national frame descriptive quantity; source-identification envelope, not causal or sampling inference"
published_accounting,2022,2025,2,equal_territory,07,0.0149659863945578231292517006802721088435374149659863945578231,0.0353741496598639455782312925170068027210884353741496598639456,11/735,26/735,declining minus nondeclining,"national frame descriptive quantity; source-identification envelope, not causal or sampling inference"
published_accounting,2022,2025,5,population_2022,07,0.128379454693140880462790838969958128126690787707527406319276,0.130274287498144608679321497321942734673738618020021960738550,4044339326/31503010631,4104032264/31503010631,declining minus nondeclining,"national frame descriptive quantity; source-identification envelope, not causal or sampling inference"
published_accounting,2022,2025,5,equal_territory,07,0.0612244897959183673469387755102040816326530612244897959183673,0.0816326530612244897959183673469387755102040816326530612244898,3/49,4/49,declining minus nondeclining,"national frame descriptive quantity; source-identification envelope, not causal or sampling inference"
published_accounting,2023,2025,0,population_2022,07,-0.0579142400188462800255593768300880842882765429112171003031777,-0.0560194072138425518090287184781034777412287125987225458839036,-1824472919/31503010631,-1764779981/31503010631,declining minus nondeclining,"national frame descriptive quantity; source-identification envelope, not causal or sampling inference"
published_accounting,2023,2025,0,equal_territory,07,-0.0217687074829931972789115646258503401360544217687074829931973,-0.00136054421768707482993197278911564625850340136054421768707483,-16/735,-1/735,declining minus nondeclining,"national frame descriptive quantity; source-identification envelope, not causal or sampling inference"
published_accounting,2023,2025,2,population_2022,07,-0.0101595163157217422963577325150285887925299986227846440395026,-0.00826468351071801407982707416304398224548216831029008962022846,-640110701/63006021262,-520724825/63006021262,declining minus nondeclining,"national frame descriptive quantity; source-identification envelope, not causal or sampling inference"
published_accounting,2023,2025,2,equal_territory,07,0.0435374149659863945578231292517006802721088435374149659863946,0.0639455782312925170068027210884353741496598639455782312925170,32/735,47/735,declining minus nondeclining,"national frame descriptive quantity; source-identification envelope, not causal or sampling inference"
published_accounting,2023,2025,5,population_2022,07,0.0359229417151765427406334039401416599166432855970933186458728,0.0378177745201802709571640622921262664636911159095878730651469,4526723259/126012042524,4765495011/126012042524,declining minus nondeclining,"national frame descriptive quantity; source-identification envelope, not causal or sampling inference"
published_accounting,2023,2025,5,equal_territory,07,0.0380952380952380952380952380952380952380952380952380952380952,0.0585034013605442176870748299319727891156462585034013605442177,4/105,43/735,declining minus nondeclining,"national frame descriptive quantity; source-identification envelope, not causal or sampling inference"
conservative_relaxation,2022,2025,0,population_2022,08,0.0693716975860895238368842159864352951302176117949764149605156,0.0711994619100644364592512386120225801659059045486782422530062,7971754057/114913636748,237271883975/3332495465692,declining minus nondeclining,"national frame descriptive quantity; source-identification envelope, not causal or sampling inference"
conservative_relaxation,2022,2025,0,equal_territory,08,0.0139622641509433962264150943396226415094339622641509433962264,0.0339622641509433962264150943396226415094339622641509433962264,37/2650,9/265,declining minus nondeclining,"national frame descriptive quantity; source-identification envelope, not causal or sampling inference"
conservative_relaxation,2022,2025,2,population_2022,08,0.157848858921633548157350481098138108668090394176029718087009,0.159676623245608460779717503723725393703778686929731545379500,526030606621/3332495465692,532121622943/3332495465692,declining minus nondeclining,"national frame descriptive quantity; source-identification envelope, not causal or sampling inference"
conservative_relaxation,2022,2025,2,equal_territory,08,0.0184905660377358490566037735849056603773584905660377358490566,0.0384905660377358490566037735849056603773584905660377358490566,49/2650,51/1325,declining minus nondeclining,"national frame descriptive quantity; source-identification envelope, not causal or sampling inference"
conservative_relaxation,2022,2025,5,population_2022,08,0.102597167380392147112124767497143363972132754914726983311591,0.104424931704367059734491790122730649007821047668428810604082,85476148772/833123866423,173997805705/1666247732846,declining minus nondeclining,"national frame descriptive quantity; source-identification envelope, not causal or sampling inference"
conservative_relaxation,2022,2025,5,equal_territory,08,0.0630188679245283018867924528301886792452830188679245283018868,0.0830188679245283018867924528301886792452830188679245283018868,167/2650,22/265,declining minus nondeclining,"national frame descriptive quantity; source-identification envelope, not causal or sampling inference"
conservative_relaxation,2023,2025,0,population_2022,08,-0.0532105250259292751001708989964617214848778462576135959992166,-0.0513827607019543624778038763708744364491895535039117687067259,-1528653736/28728409187,-85616408527/1666247732846,declining minus nondeclining,"national frame descriptive quantity; source-identification envelope, not causal or sampling inference"
conservative_relaxation,2023,2025,0,equal_territory,08,-0.00396226415094339622641509433962264150943396226415094339622642,0.0160377358490566037735849056603773584905660377358490566037736,-21/5300,17/1060,declining minus nondeclining,"national frame descriptive quantity; source-identification envelope, not causal or sampling inference"
conservative_relaxation,2023,2025,2,population_2022,08,-0.0154375761397524354354346629782072976411628965359493071649606,-0.0136098118157775228130676403526200126054746037822474798724699,-1659537177/107499853732,-45354636165/3332495465692,declining minus nondeclining,"national frame descriptive quantity; source-identification envelope, not causal or sampling inference"
conservative_relaxation,2023,2025,2,equal_territory,08,0.05,0.07,1/20,7/100,declining minus nondeclining,"national frame descriptive quantity; source-identification envelope, not causal or sampling inference"
conservative_relaxation,2023,2025,5,population_2022,08,0.0261450048325595115718691062021494989515649788665254896676549,0.0279727691565344241942361288277367839872532716202273169601456,2125075855/81280377212,93219126377/3332495465692,declining minus nondeclining,"national frame descriptive quantity; source-identification envelope, not causal or sampling inference"
conservative_relaxation,2023,2025,5,equal_territory,08,0.0439622641509433962264150943396226415094339622641509433962264,0.0639622641509433962264150943396226415094339622641509433962264,233/5300,339/5300,declining minus nondeclining,"national frame descriptive quantity; source-identification envelope, not causal or sampling inference"
published_accounting,2022,2025,0,population_2022,08,0.0693716975860895238368842159864352951302176117949764149605156,0.0711994619100644364592512386120225801659059045486782422530062,7971754057/114913636748,237271883975/3332495465692,declining minus nondeclining,"national frame descriptive quantity; source-identification envelope, not causal or sampling inference"
published_accounting,2022,2025,0,equal_territory,08,0.0139622641509433962264150943396226415094339622641509433962264,0.0339622641509433962264150943396226415094339622641509433962264,37/2650,9/265,declining minus nondeclining,"national frame descriptive quantity; source-identification envelope, not causal or sampling inference"
published_accounting,2022,2025,2,population_2022,08,0.157848858921633548157350481098138108668090394176029718087009,0.159676623245608460779717503723725393703778686929731545379500,526030606621/3332495465692,532121622943/3332495465692,declining minus nondeclining,"national frame descriptive quantity; source-identification envelope, not causal or sampling inference"
published_accounting,2022,2025,2,equal_territory,08,0.0184905660377358490566037735849056603773584905660377358490566,0.0384905660377358490566037735849056603773584905660377358490566,49/2650,51/1325,declining minus nondeclining,"national frame descriptive quantity; source-identification envelope, not causal or sampling inference"
published_accounting,2022,2025,5,population_2022,08,0.102597167380392147112124767497143363972132754914726983311591,0.104424931704367059734491790122730649007821047668428810604082,85476148772/833123866423,173997805705/1666247732846,declining minus nondeclining,"national frame descriptive quantity; source-identification envelope, not causal or sampling inference"
published_accounting,2022,2025,5,equal_territory,08,0.0630188679245283018867924528301886792452830188679245283018868,0.0830188679245283018867924528301886792452830188679245283018868,167/2650,22/265,declining minus nondeclining,"national frame descriptive quantity; source-identification envelope, not causal or sampling inference"
published_accounting,2023,2025,0,population_2022,08,-0.0532105250259292751001708989964617214848778462576135959992166,-0.0513827607019543624778038763708744364491895535039117687067259,-1528653736/28728409187,-85616408527/1666247732846,declining minus nondeclining,"national frame descriptive quantity; source-identification envelope, not causal or sampling inference"
published_accounting,2023,2025,0,equal_territory,08,-0.00396226415094339622641509433962264150943396226415094339622642,0.0160377358490566037735849056603773584905660377358490566037736,-21/5300,17/1060,declining minus nondeclining,"national frame descriptive quantity; source-identification envelope, not causal or sampling inference"
published_accounting,2023,2025,2,population_2022,08,-0.0154375761397524354354346629782072976411628965359493071649606,-0.0136098118157775228130676403526200126054746037822474798724699,-1659537177/107499853732,-45354636165/3332495465692,declining minus nondeclining,"national frame descriptive quantity; source-identification envelope, not causal or sampling inference"
published_accounting,2023,2025,2,equal_territory,08,0.05,0.07,1/20,7/100,declining minus nondeclining,"national frame descriptive quantity; source-identification envelope, not causal or sampling inference"
published_accounting,2023,2025,5,population_2022,08,0.0261450048325595115718691062021494989515649788665254896676549,0.0279727691565344241942361288277367839872532716202273169601456,2125075855/81280377212,93219126377/3332495465692,declining minus nondeclining,"national frame descriptive quantity; source-identification envelope, not causal or sampling inference"
published_accounting,2023,2025,5,equal_territory,08,0.0439622641509433962264150943396226415094339622641509433962264,0.0639622641509433962264150943396226415094339622641509433962264,233/5300,339/5300,declining minus nondeclining,"national frame descriptive quantity; source-identification envelope, not causal or sampling inference"
conservative_relaxation,2022,2025,0,population_2022,09,0.121267175998747131877014085218794869066287242867175778299531,0.123094940322722044499381107844382154101975535620877605592022,14185416009/116976551092,417577425699/3392319981668,declining minus nondeclining,"national frame descriptive quantity; source-identification envelope, not causal or sampling inference"
conservative_relaxation,2022,2025,0,equal_territory,09,0.0154066985645933014354066985645933014354066985645933014354067,0.0354066985645933014354066985645933014354066985645933014354067,161/10450,37/1045,declining minus nondeclining,"national frame descriptive quantity; source-identification envelope, not causal or sampling inference"
conservative_relaxation,2022,2025,2,population_2022,09,0.212178117809831989815182540943049694771715818246832368438393,0.214005882133806902437549563568636979807404111000534195730884,719776068719/3392319981668,725976430157/3392319981668,declining minus nondeclining,"national frame descriptive quantity; source-identification envelope, not causal or sampling inference"
conservative_relaxation,2022,2025,2,equal_territory,09,0.0236363636363636363636363636363636363636363636363636363636364,0.0436363636363636363636363636363636363636363636363636363636364,13/550,12/275,declining minus nondeclining,"national frame descriptive quantity; source-identification envelope, not causal or sampling inference"
conservative_relaxation,2022,2025,5,population_2022,09,0.158678919965363515471725534627532927551626505717743934185950,0.160506684289338428094092557253120212587314798471445761478441,134572417717/848079995417,272245016153/1696159990834,declining minus nondeclining,"national frame descriptive quantity; source-identification envelope, not causal or sampling inference"
conservative_relaxation,2022,2025,5,equal_territory,09,0.0670813397129186602870813397129186602870813397129186602870813,0.0870813397129186602870813397129186602870813397129186602870813,701/10450,91/1045,declining minus nondeclining,"national frame descriptive quantity; source-identification envelope, not causal or sampling inference"
conservative_relaxation,2023,2025,0,population_2022,09,-0.0252192031519191680563691481963255897836998608370630862846195,-0.0233914388279442554340021255707383047480115680833612589921289,-1475027703/58488275546,-19837811334/848079995417,declining minus nondeclining,"national frame descriptive quantity; source-identification envelope, not causal or sampling inference"
conservative_relaxation,2023,2025,0,equal_territory,09,-0.0137799043062200956937799043062200956937799043062200956937799,0.00622009569377990430622009569377990430622009569377990430622010,-72/5225,13/2090,declining minus nondeclining,"national frame descriptive quantity; source-identification envelope, not causal or sampling inference"
conservative_relaxation,2023,2025,2,population_2022,09,0.0171582423472858983558287804980229471540882544184351358358742,0.0189860066712608109781958031236102321897765471721369631283649,1877620915/109429676828,64406609803/3392319981668,declining minus nondeclining,"national frame descriptive quantity; source-identification envelope, not causal or sampling inference"
conservative_relaxation,2023,2025,2,equal_territory,09,0.0488038277511961722488038277511961722488038277511961722488038,0.0688038277511961722488038277511961722488038277511961722488038,51/1045,719/10450,declining minus nondeclining,"national frame descriptive quantity; source-identification envelope, not causal or sampling inference"
conservative_relaxation,2023,2025,5,population_2022,09,0.0619045614458053545728303226196601365035166559706829948986418,0.0637323257697802671951973452452474215392049487243848221911325,5121953189/82739511748,216200442187/3392319981668,declining minus nondeclining,"national frame descriptive quantity; source-identification envelope, not causal or sampling inference"
conservative_relaxation,2023,2025,5,equal_territory,09,0.0466028708133971291866028708133971291866028708133971291866029,0.0666028708133971291866028708133971291866028708133971291866029,487/10450,348/5225,declining minus nondeclining,"national frame descriptive quantity; source-identification envelope, not causal or sampling inference"
published_accounting,2022,2025,0,population_2022,09,0.121267175998747131877014085218794869066287242867175778299531,0.123094940322722044499381107844382154101975535620877605592022,14185416009/116976551092,417577425699/3392319981668,declining minus nondeclining,"national frame descriptive quantity; source-identification envelope, not causal or sampling inference"
published_accounting,2022,2025,0,equal_territory,09,0.0154066985645933014354066985645933014354066985645933014354067,0.0354066985645933014354066985645933014354066985645933014354067,161/10450,37/1045,declining minus nondeclining,"national frame descriptive quantity; source-identification envelope, not causal or sampling inference"
published_accounting,2022,2025,2,population_2022,09,0.212178117809831989815182540943049694771715818246832368438393,0.214005882133806902437549563568636979807404111000534195730884,719776068719/3392319981668,725976430157/3392319981668,declining minus nondeclining,"national frame descriptive quantity; source-identification envelope, not causal or sampling inference"
published_accounting,2022,2025,2,equal_territory,09,0.0236363636363636363636363636363636363636363636363636363636364,0.0436363636363636363636363636363636363636363636363636363636364,13/550,12/275,declining minus nondeclining,"national frame descriptive quantity; source-identification envelope, not causal or sampling inference"
published_accounting,2022,2025,5,population_2022,09,0.158678919965363515471725534627532927551626505717743934185950,0.160506684289338428094092557253120212587314798471445761478441,134572417717/848079995417,272245016153/1696159990834,declining minus nondeclining,"national frame descriptive quantity; source-identification envelope, not causal or sampling inference"
published_accounting,2022,2025,5,equal_territory,09,0.0670813397129186602870813397129186602870813397129186602870813,0.0870813397129186602870813397129186602870813397129186602870813,701/10450,91/1045,declining minus nondeclining,"national frame descriptive quantity; source-identification envelope, not causal or sampling inference"
published_accounting,2023,2025,0,population_2022,09,-0.0252192031519191680563691481963255897836998608370630862846195,-0.0233914388279442554340021255707383047480115680833612589921289,-1475027703/58488275546,-19837811334/848079995417,declining minus nondeclining,"national frame descriptive quantity; source-identification envelope, not causal or sampling inference"
published_accounting,2023,2025,0,equal_territory,09,-0.0137799043062200956937799043062200956937799043062200956937799,0.00622009569377990430622009569377990430622009569377990430622010,-72/5225,13/2090,declining minus nondeclining,"national frame descriptive quantity; source-identification envelope, not causal or sampling inference"
published_accounting,2023,2025,2,population_2022,09,0.0171582423472858983558287804980229471540882544184351358358742,0.0189860066712608109781958031236102321897765471721369631283649,1877620915/109429676828,64406609803/3392319981668,declining minus nondeclining,"national frame descriptive quantity; source-identification envelope, not causal or sampling inference"
published_accounting,2023,2025,2,equal_territory,09,0.0488038277511961722488038277511961722488038277511961722488038,0.0688038277511961722488038277511961722488038277511961722488038,51/1045,719/10450,declining minus nondeclining,"national frame descriptive quantity; source-identification envelope, not causal or sampling inference"
published_accounting,2023,2025,5,population_2022,09,0.0619045614458053545728303226196601365035166559706829948986418,0.0637323257697802671951973452452474215392049487243848221911325,5121953189/82739511748,216200442187/3392319981668,declining minus nondeclining,"national frame descriptive quantity; source-identification envelope, not causal or sampling inference"
published_accounting,2023,2025,5,equal_territory,09,0.0466028708133971291866028708133971291866028708133971291866029,0.0666028708133971291866028708133971291866028708133971291866029,487/10450,348/5225,declining minus nondeclining,"national frame descriptive quantity; source-identification envelope, not causal or sampling inference"
conservative_relaxation,2022,2025,0,population_2022,10,0.0890332046280957094698626131198269273948734259929249348672023,0.0908609689520706220922296357454142124305617187466267621596929,20723351893/232759811124,613314677183/6750034522596,declining minus nondeclining,"national frame descriptive quantity; source-identification envelope, not causal or sampling inference"
conservative_relaxation,2022,2025,0,equal_territory,10,0.0112796208530805687203791469194312796208530805687203791469194,0.0312796208530805687203791469194312796208530805687203791469194,119/10550,33/1055,declining minus nondeclining,"national frame descriptive quantity; source-identification envelope, not causal or sampling inference"
conservative_relaxation,2022,2025,2,population_2022,10,0.178084688728775886032075847792957820181559826868658841977146,0.179912453052750798654442870418545105217248119622360669269637,400692598955/2250011507532,404805089717/2250011507532,declining minus nondeclining,"national frame descriptive quantity; source-identification envelope, not causal or sampling inference"
conservative_relaxation,2022,2025,2,equal_territory,10,0.0154502369668246445497630331753554502369668246445497630331754,0.0354502369668246445497630331753554502369668246445497630331754,163/10550,187/5275,declining minus nondeclining,"national frame descriptive quantity; source-identification envelope, not causal or sampling inference"
conservative_relaxation,2022,2025,5,population_2022,10,0.124769243205307199619924685923928506863618468751482245030230,0.126597007529282112242291708549515791899306761505184072322721,140366116499/1125005753766,71211180940/562502876883,declining minus nondeclining,"national frame descriptive quantity; source-identification envelope, not causal or sampling inference"
conservative_relaxation,2022,2025,5,equal_territory,10,0.0643601895734597156398104265402843601895734597156398104265403,0.0843601895734597156398104265402843601895734597156398104265403,679/10550,89/1055,declining minus nondeclining,"national frame descriptive quantity; source-identification envelope, not causal or sampling inference"
conservative_relaxation,2023,2025,0,population_2022,10,-0.0264087883398621175450993016333377526134274042520811372919612,-0.0245810240158872049227322790077504675777391114983793099994705,-3073452293/116379905562,-41480690177/1687508630649,declining minus nondeclining,"national frame descriptive quantity; source-identification envelope, not causal or sampling inference"
conservative_relaxation,2023,2025,0,equal_territory,10,-0.00720379146919431279620853080568720379146919431279620853080569,0.0127962085308056872037914691943127962085308056872037914691943,-38/5275,27/2110,declining minus nondeclining,"national frame descriptive quantity; source-identification envelope, not causal or sampling inference"
conservative_relaxation,2023,2025,2,population_2022,10,0.0118585296544846791416050081101501387501126793948170037345313,0.0136862939784595917639720307357374237858009721485188310270219,860704135/72581016372,30794318947/2250011507532,declining minus nondeclining,"national frame descriptive quantity; source-identification envelope, not causal or sampling inference"
conservative_relaxation,2023,2025,2,equal_territory,10,0.0464454976303317535545023696682464454976303317535545023696682,0.0664454976303317535545023696682464454976303317535545023696682,49/1055,701/10550,declining minus nondeclining,"national frame descriptive quantity; source-identification envelope, not causal or sampling inference"
conservative_relaxation,2023,2025,5,population_2022,10,0.0539470436247418590609178297769442094496211305699787065741310,0.0557748079487167716832848524025314944853094233236805338666217,986841211/18292776484,41831319905/750003835844,declining minus nondeclining,"national frame descriptive quantity; source-identification envelope, not causal or sampling inference"
conservative_relaxation,2023,2025,5,equal_territory,10,0.0400947867298578199052132701421800947867298578199052132701422,0.0600947867298578199052132701421800947867298578199052132701422,423/10550,317/5275,declining minus nondeclining,"national frame descriptive quantity; source-identification envelope, not causal or sampling inference"
published_accounting,2022,2025,0,population_2022,10,0.0890332046280957094698626131198269273948734259929249348672023,0.0908609689520706220922296357454142124305617187466267621596929,20723351893/232759811124,613314677183/6750034522596,declining minus nondeclining,"national frame descriptive quantity; source-identification envelope, not causal or sampling inference"
published_accounting,2022,2025,0,equal_territory,10,0.0112796208530805687203791469194312796208530805687203791469194,0.0312796208530805687203791469194312796208530805687203791469194,119/10550,33/1055,declining minus nondeclining,"national frame descriptive quantity; source-identification envelope, not causal or sampling inference"
published_accounting,2022,2025,2,population_2022,10,0.178084688728775886032075847792957820181559826868658841977146,0.179912453052750798654442870418545105217248119622360669269637,400692598955/2250011507532,404805089717/2250011507532,declining minus nondeclining,"national frame descriptive quantity; source-identification envelope, not causal or sampling inference"
published_accounting,2022,2025,2,equal_territory,10,0.0154502369668246445497630331753554502369668246445497630331754,0.0354502369668246445497630331753554502369668246445497630331754,163/10550,187/5275,declining minus nondeclining,"national frame descriptive quantity; source-identification envelope, not causal or sampling inference"
published_accounting,2022,2025,5,population_2022,10,0.124769243205307199619924685923928506863618468751482245030230,0.126597007529282112242291708549515791899306761505184072322721,140366116499/1125005753766,71211180940/562502876883,declining minus nondeclining,"national frame descriptive quantity; source-identification envelope, not causal or sampling inference"
published_accounting,2022,2025,5,equal_territory,10,0.0643601895734597156398104265402843601895734597156398104265403,0.0843601895734597156398104265402843601895734597156398104265403,679/10550,89/1055,declining minus nondeclining,"national frame descriptive quantity; source-identification envelope, not causal or sampling inference"
published_accounting,2023,2025,0,population_2022,10,-0.0264087883398621175450993016333377526134274042520811372919612,-0.0245810240158872049227322790077504675777391114983793099994705,-3073452293/116379905562,-41480690177/1687508630649,declining minus nondeclining,"national frame descriptive quantity; source-identification envelope, not causal or sampling inference"
published_accounting,2023,2025,0,equal_territory,10,-0.00720379146919431279620853080568720379146919431279620853080569,0.0127962085308056872037914691943127962085308056872037914691943,-38/5275,27/2110,declining minus nondeclining,"national frame descriptive quantity; source-identification envelope, not causal or sampling inference"
published_accounting,2023,2025,2,population_2022,10,0.0118585296544846791416050081101501387501126793948170037345313,0.0136862939784595917639720307357374237858009721485188310270219,860704135/72581016372,30794318947/2250011507532,declining minus nondeclining,"national frame descriptive quantity; source-identification envelope, not causal or sampling inference"
published_accounting,2023,2025,2,equal_territory,10,0.0464454976303317535545023696682464454976303317535545023696682,0.0664454976303317535545023696682464454976303317535545023696682,49/1055,701/10550,declining minus nondeclining,"national frame descriptive quantity; source-identification envelope, not causal or sampling inference"
published_accounting,2023,2025,5,population_2022,10,0.0539470436247418590609178297769442094496211305699787065741310,0.0557748079487167716832848524025314944853094233236805338666217,986841211/18292776484,41831319905/750003835844,declining minus nondeclining,"national frame descriptive quantity; source-identification envelope, not causal or sampling inference"
published_accounting,2023,2025,5,equal_territory,10,0.0400947867298578199052132701421800947867298578199052132701422,0.0600947867298578199052132701421800947867298578199052132701422,423/10550,317/5275,declining minus nondeclining,"national frame descriptive quantity; source-identification envelope, not causal or sampling inference"
conservative_relaxation,2022,2025,0,population_2022,11,0.148772132282235537458805433268743473153283393064022905637608,0.150670862387768537467689456027771708109339646696133072421350,969341904041/6515614780610,75516407537/501201136970,declining minus nondeclining,"national frame descriptive quantity; source-identification envelope, not causal or sampling inference"
conservative_relaxation,2022,2025,0,equal_territory,11,0.0472822792483329965649626187108506769044251363911901394221055,0.0676904425136391190139422105475853707819761567993534047282279,234/4949,335/4949,declining minus nondeclining,"national frame descriptive quantity; source-identification envelope, not causal or sampling inference"
conservative_relaxation,2022,2025,2,population_2022,11,0.204325648281244974790919202466653390226262184266513691528803,0.206224378386777974799803225225681625182318437898623858312544,1331307213999/6515614780610,1343678607939/6515614780610,declining minus nondeclining,"national frame descriptive quantity; source-identification envelope, not causal or sampling inference"
conservative_relaxation,2022,2025,2,equal_territory,11,0.0292988482521721559911093150131339664578702768236007274196807,0.0497070115174782784400889068498686603354212972317639927258032,145/4949,246/4949,declining minus nondeclining,"national frame descriptive quantity; source-identification envelope, not causal or sampling inference"
conservative_relaxation,2022,2025,5,population_2022,11,0.154200402600832972266892040986682741701025413838596286313669,0.156099132706365972275776063745710976657081667470706453097411,502355211181/3257807390305,508540908151/3257807390305,declining minus nondeclining,"national frame descriptive quantity; source-identification envelope, not causal or sampling inference"
conservative_relaxation,2022,2025,5,equal_territory,11,0.0774904021014346332592442917761163871489189735300060618306729,0.0978985653667407557082238836128510810264699939381693271367953,767/9898,969/9898,declining minus nondeclining,"national frame descriptive quantity; source-identification envelope, not causal or sampling inference"
conservative_relaxation,2023,2025,0,population_2022,11,0.00160653164412829447493544736085354897391268658241843775557350,0.00350526174966129448381947011988178392996894021452860453931525,5233770663/3257807390305,11419467633/3257807390305,declining minus nondeclining,"national frame descriptive quantity; source-identification envelope, not causal or sampling inference"
conservative_relaxation,2023,2025,0,equal_territory,11,0.0107092341887249949484744392806627601535663770458678520913316,0.0311173974540311173974540311173974540311173974540311173974540,53/4949,22/707,declining minus nondeclining,"national frame descriptive quantity; source-identification envelope, not causal or sampling inference"
conservative_relaxation,2023,2025,2,population_2022,11,0.00589210660661645422965965506633398765934045406039218344077130,0.00779083671214945423854367782536222261539670769250235022451305,7678139379/1303122956122,10152418167/1303122956122,declining minus nondeclining,"national frame descriptive quantity; source-identification envelope, not causal or sampling inference"
conservative_relaxation,2023,2025,2,equal_territory,11,0.0483936148716912507577288341079005859769650434431198221863003,0.0688017781369973732067084259446352798545160638512830874924227,479/9898,681/9898,declining minus nondeclining,"national frame descriptive quantity; source-identification envelope, not causal or sampling inference"
conservative_relaxation,2023,2025,5,population_2022,11,0.0531552487227575627605040650847213714955567037662884070476868,0.0550539788282905627693880878437496064516129573983985738314285,69267824849/1303122956122,71742103637/1303122956122,declining minus nondeclining,"national frame descriptive quantity; source-identification envelope, not causal or sampling inference"
conservative_relaxation,2023,2025,5,equal_territory,11,0.0452616690240452616690240452616690240452616690240452616690240,0.0656698322893513841180036370984037179228126894322085269751465,32/707,325/4949,declining minus nondeclining,"national frame descriptive quantity; source-identification envelope, not causal or sampling inference"
published_accounting,2022,2025,0,population_2022,11,0.148772132282235537458805433268743473153283393064022905637608,0.150670862387768537467689456027771708109339646696133072421350,969341904041/6515614780610,75516407537/501201136970,declining minus nondeclining,"national frame descriptive quantity; source-identification envelope, not causal or sampling inference"
published_accounting,2022,2025,0,equal_territory,11,0.0472822792483329965649626187108506769044251363911901394221055,0.0676904425136391190139422105475853707819761567993534047282279,234/4949,335/4949,declining minus nondeclining,"national frame descriptive quantity; source-identification envelope, not causal or sampling inference"
published_accounting,2022,2025,2,population_2022,11,0.204325648281244974790919202466653390226262184266513691528803,0.206224378386777974799803225225681625182318437898623858312544,1331307213999/6515614780610,1343678607939/6515614780610,declining minus nondeclining,"national frame descriptive quantity; source-identification envelope, not causal or sampling inference"
published_accounting,2022,2025,2,equal_territory,11,0.0292988482521721559911093150131339664578702768236007274196807,0.0497070115174782784400889068498686603354212972317639927258032,145/4949,246/4949,declining minus nondeclining,"national frame descriptive quantity; source-identification envelope, not causal or sampling inference"
published_accounting,2022,2025,5,population_2022,11,0.154200402600832972266892040986682741701025413838596286313669,0.156099132706365972275776063745710976657081667470706453097411,502355211181/3257807390305,508540908151/3257807390305,declining minus nondeclining,"national frame descriptive quantity; source-identification envelope, not causal or sampling inference"
published_accounting,2022,2025,5,equal_territory,11,0.0774904021014346332592442917761163871489189735300060618306729,0.0978985653667407557082238836128510810264699939381693271367953,767/9898,969/9898,declining minus nondeclining,"national frame descriptive quantity; source-identification envelope, not causal or sampling inference"
published_accounting,2023,2025,0,population_2022,11,0.00160653164412829447493544736085354897391268658241843775557350,0.00350526174966129448381947011988178392996894021452860453931525,5233770663/3257807390305,11419467633/3257807390305,declining minus nondeclining,"national frame descriptive quantity; source-identification envelope, not causal or sampling inference"
published_accounting,2023,2025,0,equal_territory,11,0.0107092341887249949484744392806627601535663770458678520913316,0.0311173974540311173974540311173974540311173974540311173974540,53/4949,22/707,declining minus nondeclining,"national frame descriptive quantity; source-identification envelope, not causal or sampling inference"
published_accounting,2023,2025,2,population_2022,11,0.00589210660661645422965965506633398765934045406039218344077130,0.00779083671214945423854367782536222261539670769250235022451305,7678139379/1303122956122,10152418167/1303122956122,declining minus nondeclining,"national frame descriptive quantity; source-identification envelope, not causal or sampling inference"
published_accounting,2023,2025,2,equal_territory,11,0.0483936148716912507577288341079005859769650434431198221863003,0.0688017781369973732067084259446352798545160638512830874924227,479/9898,681/9898,declining minus nondeclining,"national frame descriptive quantity; source-identification envelope, not causal or sampling inference"
published_accounting,2023,2025,5,population_2022,11,0.0531552487227575627605040650847213714955567037662884070476868,0.0550539788282905627693880878437496064516129573983985738314285,69267824849/1303122956122,71742103637/1303122956122,declining minus nondeclining,"national frame descriptive quantity; source-identification envelope, not causal or sampling inference"
published_accounting,2023,2025,5,equal_territory,11,0.0452616690240452616690240452616690240452616690240452616690240,0.0656698322893513841180036370984037179228126894322085269751465,32/707,325/4949,declining minus nondeclining,"national frame descriptive quantity; source-identification envelope, not causal or sampling inference"
conservative_relaxation,2022,2025,0,population_2022,12,0.116322510535133357637360625610263598947424678838706673159057,0.118214402262029415921544862532004969595203766445075980924482,198022877253/1702360758395,201243559488/1702360758395,declining minus nondeclining,"national frame descriptive quantity; source-identification envelope, not causal or sampling inference"
conservative_relaxation,2022,2025,0,equal_territory,12,0.0156462585034013605442176870748299319727891156462585034013605,0.0360544217687074829931972789115646258503401360544217687074830,23/1470,53/1470,declining minus nondeclining,"national frame descriptive quantity; source-identification envelope, not causal or sampling inference"
conservative_relaxation,2022,2025,2,population_2022,12,0.216161068335150367703445149995133502573326039088323612873196,0.218052960062046425987629386916874873221105126694692920638621,735968240453/3404721516790,742409604923/3404721516790,declining minus nondeclining,"national frame descriptive quantity; source-identification envelope, not causal or sampling inference"
conservative_relaxation,2022,2025,2,equal_territory,12,0.0306122448979591836734693877551020408163265306122448979591837,0.0510204081632653061224489795918367346938775510204081632653061,3/98,5/98,declining minus nondeclining,"national frame descriptive quantity; source-identification envelope, not causal or sampling inference"
conservative_relaxation,2022,2025,5,population_2022,12,0.167862429724601499689164244481944363187460161450075693196412,0.169754321451497557973348481403685733835239249056445000961837,285762413172/1702360758395,288983095407/1702360758395,declining minus nondeclining,"national frame descriptive quantity; source-identification envelope, not causal or sampling inference"
conservative_relaxation,2022,2025,5,equal_territory,12,0.0768707482993197278911564625850340136054421768707482993197279,0.0972789115646258503401360544217687074829931972789115646258503,113/1470,143/1470,declining minus nondeclining,"national frame descriptive quantity; source-identification envelope, not causal or sampling inference"
conservative_relaxation,2023,2025,0,population_2022,12,-0.0408074894891820818462340740062674428539220122652174088444531,-0.0389155977622860235620498370845260722061429246588481010790282,-13893813751/340472151679,-13249677304/340472151679,declining minus nondeclining,"national frame descriptive quantity; source-identification envelope, not causal or sampling inference"
conservative_relaxation,2023,2025,0,equal_territory,12,-0.0122448979591836734693877551020408163265306122448979591836735,0.00816326530612244897959183673469387755102040816326530612244898,-3/245,2/245,declining minus nondeclining,"national frame descriptive quantity; source-identification envelope, not causal or sampling inference"
conservative_relaxation,2023,2025,2,population_2022,12,0.00180164153095941582745942898911296776338190106087028885857121,0.00369353325785547411164366591085433841116098866723959662399617,3067043843/1702360758395,6287726078/1702360758395,declining minus nondeclining,"national frame descriptive quantity; source-identification envelope, not causal or sampling inference"
conservative_relaxation,2023,2025,2,equal_territory,12,0.0435374149659863945578231292517006802721088435374149659863946,0.0639455782312925170068027210884353741496598639455782312925170,32/735,47/735,declining minus nondeclining,"national frame descriptive quantity; source-identification envelope, not causal or sampling inference"
conservative_relaxation,2023,2025,5,population_2022,12,0.0531881066756771997108661653690491523179398763105262726323618,0.0550799984025732579950504022907905229657189639168955803977868,90545345618/1702360758395,93766027853/1702360758395,declining minus nondeclining,"national frame descriptive quantity; source-identification envelope, not causal or sampling inference"
conservative_relaxation,2023,2025,5,equal_territory,12,0.0428571428571428571428571428571428571428571428571428571428571,0.0632653061224489795918367346938775510204081632653061224489796,3/70,31/490,declining minus nondeclining,"national frame descriptive quantity; source-identification envelope, not causal or sampling inference"
published_accounting,2022,2025,0,population_2022,12,0.116322510535133357637360625610263598947424678838706673159057,0.118214402262029415921544862532004969595203766445075980924482,198022877253/1702360758395,201243559488/1702360758395,declining minus nondeclining,"national frame descriptive quantity; source-identification envelope, not causal or sampling inference"
published_accounting,2022,2025,0,equal_territory,12,0.0156462585034013605442176870748299319727891156462585034013605,0.0360544217687074829931972789115646258503401360544217687074830,23/1470,53/1470,declining minus nondeclining,"national frame descriptive quantity; source-identification envelope, not causal or sampling inference"
published_accounting,2022,2025,2,population_2022,12,0.216161068335150367703445149995133502573326039088323612873196,0.218052960062046425987629386916874873221105126694692920638621,735968240453/3404721516790,742409604923/3404721516790,declining minus nondeclining,"national frame descriptive quantity; source-identification envelope, not causal or sampling inference"
published_accounting,2022,2025,2,equal_territory,12,0.0306122448979591836734693877551020408163265306122448979591837,0.0510204081632653061224489795918367346938775510204081632653061,3/98,5/98,declining minus nondeclining,"national frame descriptive quantity; source-identification envelope, not causal or sampling inference"
published_accounting,2022,2025,5,population_2022,12,0.167862429724601499689164244481944363187460161450075693196412,0.169754321451497557973348481403685733835239249056445000961837,285762413172/1702360758395,288983095407/1702360758395,declining minus nondeclining,"national frame descriptive quantity; source-identification envelope, not causal or sampling inference"
published_accounting,2022,2025,5,equal_territory,12,0.0768707482993197278911564625850340136054421768707482993197279,0.0972789115646258503401360544217687074829931972789115646258503,113/1470,143/1470,declining minus nondeclining,"national frame descriptive quantity; source-identification envelope, not causal or sampling inference"
published_accounting,2023,2025,0,population_2022,12,-0.0408074894891820818462340740062674428539220122652174088444531,-0.0389155977622860235620498370845260722061429246588481010790282,-13893813751/340472151679,-13249677304/340472151679,declining minus nondeclining,"national frame descriptive quantity; source-identification envelope, not causal or sampling inference"
published_accounting,2023,2025,0,equal_territory,12,-0.0122448979591836734693877551020408163265306122448979591836735,0.00816326530612244897959183673469387755102040816326530612244898,-3/245,2/245,declining minus nondeclining,"national frame descriptive quantity; source-identification envelope, not causal or sampling inference"
published_accounting,2023,2025,2,population_2022,12,0.00180164153095941582745942898911296776338190106087028885857121,0.00369353325785547411164366591085433841116098866723959662399617,3067043843/1702360758395,6287726078/1702360758395,declining minus nondeclining,"national frame descriptive quantity; source-identification envelope, not causal or sampling inference"
published_accounting,2023,2025,2,equal_territory,12,0.0435374149659863945578231292517006802721088435374149659863946,0.0639455782312925170068027210884353741496598639455782312925170,32/735,47/735,declining minus nondeclining,"national frame descriptive quantity; source-identification envelope, not causal or sampling inference"
published_accounting,2023,2025,5,population_2022,12,0.0531881066756771997108661653690491523179398763105262726323618,0.0550799984025732579950504022907905229657189639168955803977868,90545345618/1702360758395,93766027853/1702360758395,declining minus nondeclining,"national frame descriptive quantity; source-identification envelope, not causal or sampling inference"
published_accounting,2023,2025,5,equal_territory,12,0.0428571428571428571428571428571428571428571428571428571428571,0.0632653061224489795918367346938775510204081632653061224489796,3/70,31/490,declining minus nondeclining,"national frame descriptive quantity; source-identification envelope, not causal or sampling inference"
conservative_relaxation,2022,2025,0,population_2022,13,0.113560949789705069388618038547892966415337140997930080052680,0.115476201004968737802330841714886618398926175922063203299621,11358992062/100025511261,11550566044/100025511261,declining minus nondeclining,"national frame descriptive quantity; source-identification envelope, not causal or sampling inference"
conservative_relaxation,2022,2025,0,equal_territory,13,0.0104690117252931323283082077051926298157453936348408710217755,0.0313023450586264656616415410385259631490787269681742043551089,25/2388,299/9552,declining minus nondeclining,"national frame descriptive quantity; source-identification envelope, not causal or sampling inference"
conservative_relaxation,2022,2025,2,population_2022,13,0.211344840858038671115130887348836822257809704073510479109812,0.213260092073302339528843690515830474241398738997643602356753,105699378796/500127556305,106657248706/500127556305,declining minus nondeclining,"national frame descriptive quantity; source-identification envelope, not causal or sampling inference"
conservative_relaxation,2022,2025,2,equal_territory,13,0.0234505862646566164154103852596314907872696817420435510887772,0.0442839195979899497487437185929648241206030150753768844221106,14/597,141/3184,declining minus nondeclining,"national frame descriptive quantity; source-identification envelope, not causal or sampling inference"
conservative_relaxation,2022,2025,5,population_2022,13,0.170667697142339328272458766253023811175138963132002701016417,0.172582948357602996686171569420017463158727998056135824263358,85355618312/500127556305,6639499094/38471350485,declining minus nondeclining,"national frame descriptive quantity; source-identification envelope, not causal or sampling inference"
conservative_relaxation,2022,2025,5,equal_territory,13,0.0780988274706867671691792294807370184254606365159128978224456,0.0989321608040201005025125628140703517587939698492462311557789,373/4776,315/3184,declining minus nondeclining,"national frame descriptive quantity; source-identification envelope, not causal or sampling inference"
conservative_relaxation,2023,2025,0,population_2022,13,-0.00261123248166628533679872454833580298214477926196460633555012,-0.000695981266402616923085921381342150998555744337831483088609094,-6697176/2564756699,-23205294/33341837087,declining minus nondeclining,"national frame descriptive quantity; source-identification envelope, not causal or sampling inference"
conservative_relaxation,2023,2025,0,equal_territory,13,0.00910804020100502512562814070351758793969849246231155778894472,0.0299413735343383584589614740368509212730318257956448911222781,29/3184,143/4776,declining minus nondeclining,"national frame descriptive quantity; source-identification envelope, not causal or sampling inference"
conservative_relaxation,2023,2025,2,population_2022,13,0.0415302825012370720823123231684013456631803538790211992776070,0.0434455337165007404960251263353949976467693888031543225245480,4154087740/100025511261,4345661722/100025511261,declining minus nondeclining,"national frame descriptive quantity; source-identification envelope, not causal or sampling inference"
conservative_relaxation,2023,2025,2,equal_territory,13,0.0687814070351758793969849246231155778894472361809045226130653,0.0896147403685092127303182579564489112227805695142378559463987,219/3184,107/1194,declining minus nondeclining,"national frame descriptive quantity; source-identification envelope, not causal or sampling inference"
conservative_relaxation,2023,2025,5,population_2022,13,0.0437947198707095644204687310845896222106989146299645825511378,0.0457099710859732328341815342515832741942879495540977057980788,7300982076/166709185435,7620272046/166709185435,declining minus nondeclining,"national frame descriptive quantity; source-identification envelope, not causal or sampling inference"
conservative_relaxation,2023,2025,5,equal_territory,13,0.0451214405360134003350083752093802345058626465661641541038526,0.0659547738693467336683417085427135678391959798994974874371859,431/9552,105/1592,declining minus nondeclining,"national frame descriptive quantity; source-identification envelope, not causal or sampling inference"
published_accounting,2022,2025,0,population_2022,13,0.113560949789705069388618038547892966415337140997930080052680,0.115476201004968737802330841714886618398926175922063203299621,11358992062/100025511261,11550566044/100025511261,declining minus nondeclining,"national frame descriptive quantity; source-identification envelope, not causal or sampling inference"
published_accounting,2022,2025,0,equal_territory,13,0.0104690117252931323283082077051926298157453936348408710217755,0.0313023450586264656616415410385259631490787269681742043551089,25/2388,299/9552,declining minus nondeclining,"national frame descriptive quantity; source-identification envelope, not causal or sampling inference"
published_accounting,2022,2025,2,population_2022,13,0.211344840858038671115130887348836822257809704073510479109812,0.213260092073302339528843690515830474241398738997643602356753,105699378796/500127556305,106657248706/500127556305,declining minus nondeclining,"national frame descriptive quantity; source-identification envelope, not causal or sampling inference"
published_accounting,2022,2025,2,equal_territory,13,0.0234505862646566164154103852596314907872696817420435510887772,0.0442839195979899497487437185929648241206030150753768844221106,14/597,141/3184,declining minus nondeclining,"national frame descriptive quantity; source-identification envelope, not causal or sampling inference"
published_accounting,2022,2025,5,population_2022,13,0.170667697142339328272458766253023811175138963132002701016417,0.172582948357602996686171569420017463158727998056135824263358,85355618312/500127556305,6639499094/38471350485,declining minus nondeclining,"national frame descriptive quantity; source-identification envelope, not causal or sampling inference"
published_accounting,2022,2025,5,equal_territory,13,0.0780988274706867671691792294807370184254606365159128978224456,0.0989321608040201005025125628140703517587939698492462311557789,373/4776,315/3184,declining minus nondeclining,"national frame descriptive quantity; source-identification envelope, not causal or sampling inference"
published_accounting,2023,2025,0,population_2022,13,-0.00261123248166628533679872454833580298214477926196460633555012,-0.000695981266402616923085921381342150998555744337831483088609094,-6697176/2564756699,-23205294/33341837087,declining minus nondeclining,"national frame descriptive quantity; source-identification envelope, not causal or sampling inference"
published_accounting,2023,2025,0,equal_territory,13,0.00910804020100502512562814070351758793969849246231155778894472,0.0299413735343383584589614740368509212730318257956448911222781,29/3184,143/4776,declining minus nondeclining,"national frame descriptive quantity; source-identification envelope, not causal or sampling inference"
published_accounting,2023,2025,2,population_2022,13,0.0415302825012370720823123231684013456631803538790211992776070,0.0434455337165007404960251263353949976467693888031543225245480,4154087740/100025511261,4345661722/100025511261,declining minus nondeclining,"national frame descriptive quantity; source-identification envelope, not causal or sampling inference"
published_accounting,2023,2025,2,equal_territory,13,0.0687814070351758793969849246231155778894472361809045226130653,0.0896147403685092127303182579564489112227805695142378559463987,219/3184,107/1194,declining minus nondeclining,"national frame descriptive quantity; source-identification envelope, not causal or sampling inference"
published_accounting,2023,2025,5,population_2022,13,0.0437947198707095644204687310845896222106989146299645825511378,0.0457099710859732328341815342515832741942879495540977057980788,7300982076/166709185435,7620272046/166709185435,declining minus nondeclining,"national frame descriptive quantity; source-identification envelope, not causal or sampling inference"
published_accounting,2023,2025,5,equal_territory,13,0.0451214405360134003350083752093802345058626465661641541038526,0.0659547738693467336683417085427135678391959798994974874371859,431/9552,105/1592,declining minus nondeclining,"national frame descriptive quantity; source-identification envelope, not causal or sampling inference"
conservative_relaxation,2022,2025,0,population_2022,14,0.114145687467615090429075406338791090638681686632607002072329,0.116015976665382330856290739451238381254102791388718031709080,761159025817/6668311722534,773630697199/6668311722534,declining minus nondeclining,"national frame descriptive quantity; source-identification envelope, not causal or sampling inference"
conservative_relaxation,2022,2025,0,equal_territory,14,0.0437293729372937293729372937293729372937293729372937293729373,0.0645627062706270627062706270627062706270627062706270627062706,53/1212,313/4848,declining minus nondeclining,"national frame descriptive quantity; source-identification envelope, not causal or sampling inference"
conservative_relaxation,2022,2025,2,population_2022,14,0.208553890367999239514779301149639304937414353702197957194273,0.210424179565766479941994634262086595552835458458308986831024,1390702351921/6668311722534,1403174023303/6668311722534,declining minus nondeclining,"national frame descriptive quantity; source-identification envelope, not causal or sampling inference"
conservative_relaxation,2022,2025,2,equal_territory,14,0.0528052805280528052805280528052805280528052805280528052805281,0.0736386138613861386138613861386138613861386138613861386138614,16/303,119/1616,declining minus nondeclining,"national frame descriptive quantity; source-identification envelope, not causal or sampling inference"
conservative_relaxation,2022,2025,5,population_2022,14,0.158469605672309215206629309864716601581248234087220651829843,0.160339894870076455633844642977163892196669338843331681466594,16010980745/101035026099,25457057156/158769326727,declining minus nondeclining,"national frame descriptive quantity; source-identification envelope, not causal or sampling inference"
conservative_relaxation,2022,2025,5,equal_territory,14,0.0827145214521452145214521452145214521452145214521452145214521,0.103547854785478547854785478547854785478547854785478547854785,401/4848,251/2424,declining minus nondeclining,"national frame descriptive quantity; source-identification envelope, not causal or sampling inference"
conservative_relaxation,2023,2025,0,population_2022,14,-0.0118998391589656830816512817536813728972123398392155444777899,-0.0100295499611984426544359486412340822817912350831045148410388,-1202300560/101035026099,-11146694263/1111385287089,declining minus nondeclining,"national frame descriptive quantity; source-identification envelope, not causal or sampling inference"
conservative_relaxation,2023,2025,0,equal_territory,14,0.0142326732673267326732673267326732673267326732673267326732673,0.0350660066006600660066006600660066006600660066006600660066007,23/1616,85/2424,declining minus nondeclining,"national frame descriptive quantity; source-identification envelope, not causal or sampling inference"
conservative_relaxation,2023,2025,2,population_2022,14,0.0317949915671356004588337373702312928922035911979165994814171,0.0336652807649028408860490704826785835076246959540276291181682,212018914985/6668311722534,224490586367/6668311722534,declining minus nondeclining,"national frame descriptive quantity; source-identification envelope, not causal or sampling inference"
conservative_relaxation,2023,2025,2,equal_territory,14,0.0798267326732673267326732673267326732673267326732673267326733,0.100660066006600660066006600660066006600660066006600660066007,129/1616,61/606,declining minus nondeclining,"national frame descriptive quantity; source-identification envelope, not causal or sampling inference"
conservative_relaxation,2023,2025,5,population_2022,14,0.0622419066580887146242172369743737057191647048119155170518342,0.0641121958558559550514325700868209963345858095680265466885853,415048435801/6668311722534,427520107183/6668311722534,declining minus nondeclining,"national frame descriptive quantity; source-identification envelope, not causal or sampling inference"
conservative_relaxation,2023,2025,5,equal_territory,14,0.0571369636963696369636963696369636963696369636963696369636964,0.0779702970297029702970297029702970297029702970297029702970297,277/4848,63/808,declining minus nondeclining,"national frame descriptive quantity; source-identification envelope, not causal or sampling inference"
published_accounting,2022,2025,0,population_2022,14,0.114145687467615090429075406338791090638681686632607002072329,0.116015976665382330856290739451238381254102791388718031709080,761159025817/6668311722534,773630697199/6668311722534,declining minus nondeclining,"national frame descriptive quantity; source-identification envelope, not causal or sampling inference"
published_accounting,2022,2025,0,equal_territory,14,0.0437293729372937293729372937293729372937293729372937293729373,0.0645627062706270627062706270627062706270627062706270627062706,53/1212,313/4848,declining minus nondeclining,"national frame descriptive quantity; source-identification envelope, not causal or sampling inference"
published_accounting,2022,2025,2,population_2022,14,0.208553890367999239514779301149639304937414353702197957194273,0.210424179565766479941994634262086595552835458458308986831024,1390702351921/6668311722534,1403174023303/6668311722534,declining minus nondeclining,"national frame descriptive quantity; source-identification envelope, not causal or sampling inference"
published_accounting,2022,2025,2,equal_territory,14,0.0528052805280528052805280528052805280528052805280528052805281,0.0736386138613861386138613861386138613861386138613861386138614,16/303,119/1616,declining minus nondeclining,"national frame descriptive quantity; source-identification envelope, not causal or sampling inference"
published_accounting,2022,2025,5,population_2022,14,0.158469605672309215206629309864716601581248234087220651829843,0.160339894870076455633844642977163892196669338843331681466594,16010980745/101035026099,25457057156/158769326727,declining minus nondeclining,"national frame descriptive quantity; source-identification envelope, not causal or sampling inference"
published_accounting,2022,2025,5,equal_territory,14,0.0827145214521452145214521452145214521452145214521452145214521,0.103547854785478547854785478547854785478547854785478547854785,401/4848,251/2424,declining minus nondeclining,"national frame descriptive quantity; source-identification envelope, not causal or sampling inference"
published_accounting,2023,2025,0,population_2022,14,-0.0118998391589656830816512817536813728972123398392155444777899,-0.0100295499611984426544359486412340822817912350831045148410388,-1202300560/101035026099,-11146694263/1111385287089,declining minus nondeclining,"national frame descriptive quantity; source-identification envelope, not causal or sampling inference"
published_accounting,2023,2025,0,equal_territory,14,0.0142326732673267326732673267326732673267326732673267326732673,0.0350660066006600660066006600660066006600660066006600660066007,23/1616,85/2424,declining minus nondeclining,"national frame descriptive quantity; source-identification envelope, not causal or sampling inference"
published_accounting,2023,2025,2,population_2022,14,0.0317949915671356004588337373702312928922035911979165994814171,0.0336652807649028408860490704826785835076246959540276291181682,212018914985/6668311722534,224490586367/6668311722534,declining minus nondeclining,"national frame descriptive quantity; source-identification envelope, not causal or sampling inference"
published_accounting,2023,2025,2,equal_territory,14,0.0798267326732673267326732673267326732673267326732673267326733,0.100660066006600660066006600660066006600660066006600660066007,129/1616,61/606,declining minus nondeclining,"national frame descriptive quantity; source-identification envelope, not causal or sampling inference"
published_accounting,2023,2025,5,population_2022,14,0.0622419066580887146242172369743737057191647048119155170518342,0.0641121958558559550514325700868209963345858095680265466885853,415048435801/6668311722534,427520107183/6668311722534,declining minus nondeclining,"national frame descriptive quantity; source-identification envelope, not causal or sampling inference"
published_accounting,2023,2025,5,equal_territory,14,0.0571369636963696369636963696369636963696369636963696369636964,0.0779702970297029702970297029702970297029702970297029702970297,277/4848,63/808,declining minus nondeclining,"national frame descriptive quantity; source-identification envelope, not causal or sampling inference"
conservative_relaxation,2022,2025,0,population_2022,15,0.0778475345768590111690840708863794089866248208799831937702492,0.0797003740428777320820753513604767252093434188682264221472121,2031121227/26091015445,16635709521/208728123560,declining minus nondeclining,"national frame descriptive quantity; source-identification envelope, not causal or sampling inference"
conservative_relaxation,2022,2025,0,equal_territory,15,0.0365802675585284280936454849498327759197324414715719063545151,0.0583193979933110367892976588628762541806020066889632107023411,175/4784,279/4784,declining minus nondeclining,"national frame descriptive quantity; source-identification envelope, not causal or sampling inference"
conservative_relaxation,2022,2025,2,population_2022,15,0.172070383106164306668670556988357951585276063217630738710407,0.173923222572183027581661837462455267807994661205873967087370,17957964093/104364061780,36302667891/208728123560,declining minus nondeclining,"national frame descriptive quantity; source-identification envelope, not causal or sampling inference"
conservative_relaxation,2022,2025,2,equal_territory,15,0.0514214046822742474916387959866220735785953177257525083612040,0.0731605351170568561872909698996655518394648829431438127090301,123/2392,175/2392,declining minus nondeclining,"national frame descriptive quantity; source-identification envelope, not causal or sampling inference"
conservative_relaxation,2022,2025,5,population_2022,15,0.165632398365149179804182205527033675787239947341190959154714,0.167485237831167900717173486001130992009958545329434187531677,69144279423/417456247120,69917758833/417456247120,declining minus nondeclining,"national frame descriptive quantity; source-identification envelope, not causal or sampling inference"
conservative_relaxation,2022,2025,5,equal_territory,15,0.119356187290969899665551839464882943143812709030100334448161,0.141095317725752508361204013377926421404682274247491638795987,571/4784,675/4784,declining minus nondeclining,"national frame descriptive quantity; source-identification envelope, not causal or sampling inference"
conservative_relaxation,2023,2025,0,population_2022,15,-0.0118348666359275155455721282679268292464881487099207839972976,-0.00998202716990879463258084779382951302376955072167755562033473,-4940539011/417456247120,-4167059601/417456247120,declining minus nondeclining,"national frame descriptive quantity; source-identification envelope, not causal or sampling inference"
conservative_relaxation,2023,2025,0,equal_territory,15,0.0443143812709030100334448160535117056856187290969899665551839,0.0660535117056856187290969899665551839464882943143812709030100,53/1196,79/1196,declining minus nondeclining,"national frame descriptive quantity; source-identification envelope, not causal or sampling inference"
conservative_relaxation,2023,2025,2,population_2022,15,0.0276085644675643631316703626289237360113792995380291531616162,0.0294614039335830840446616431030210522340978975262723815385791,1047760701/37950567920,1118077011/37950567920,declining minus nondeclining,"national frame descriptive quantity; source-identification envelope, not causal or sampling inference"
conservative_relaxation,2023,2025,2,equal_territory,15,0.107441471571906354515050167224080267558528428093645484949833,0.129180602006688963210702341137123745819397993311036789297659,257/2392,309/2392,declining minus nondeclining,"national frame descriptive quantity; source-identification envelope, not causal or sampling inference"
conservative_relaxation,2023,2025,5,population_2022,15,0.0709408451743377518053513995763916117677189930466502776622767,0.0727936846403564727183426800504889279904375910348935060392396,14807349497/208728123560,7597044601/104364061780,declining minus nondeclining,"national frame descriptive quantity; source-identification envelope, not causal or sampling inference"
conservative_relaxation,2023,2025,5,equal_territory,15,0.105351170568561872909698996655518394648829431438127090301003,0.127090301003344481605351170568561872909698996655518394648829,63/598,38/299,declining minus nondeclining,"national frame descriptive quantity; source-identification envelope, not causal or sampling inference"
published_accounting,2022,2025,0,population_2022,15,0.0778475345768590111690840708863794089866248208799831937702492,0.0797003740428777320820753513604767252093434188682264221472121,2031121227/26091015445,16635709521/208728123560,declining minus nondeclining,"national frame descriptive quantity; source-identification envelope, not causal or sampling inference"
published_accounting,2022,2025,0,equal_territory,15,0.0365802675585284280936454849498327759197324414715719063545151,0.0583193979933110367892976588628762541806020066889632107023411,175/4784,279/4784,declining minus nondeclining,"national frame descriptive quantity; source-identification envelope, not causal or sampling inference"
published_accounting,2022,2025,2,population_2022,15,0.172070383106164306668670556988357951585276063217630738710407,0.173923222572183027581661837462455267807994661205873967087370,17957964093/104364061780,36302667891/208728123560,declining minus nondeclining,"national frame descriptive quantity; source-identification envelope, not causal or sampling inference"
published_accounting,2022,2025,2,equal_territory,15,0.0514214046822742474916387959866220735785953177257525083612040,0.0731605351170568561872909698996655518394648829431438127090301,123/2392,175/2392,declining minus nondeclining,"national frame descriptive quantity; source-identification envelope, not causal or sampling inference"
published_accounting,2022,2025,5,population_2022,15,0.165632398365149179804182205527033675787239947341190959154714,0.167485237831167900717173486001130992009958545329434187531677,69144279423/417456247120,69917758833/417456247120,declining minus nondeclining,"national frame descriptive quantity; source-identification envelope, not causal or sampling inference"
published_accounting,2022,2025,5,equal_territory,15,0.119356187290969899665551839464882943143812709030100334448161,0.141095317725752508361204013377926421404682274247491638795987,571/4784,675/4784,declining minus nondeclining,"national frame descriptive quantity; source-identification envelope, not causal or sampling inference"
published_accounting,2023,2025,0,population_2022,15,-0.0118348666359275155455721282679268292464881487099207839972976,-0.00998202716990879463258084779382951302376955072167755562033473,-4940539011/417456247120,-4167059601/417456247120,declining minus nondeclining,"national frame descriptive quantity; source-identification envelope, not causal or sampling inference"
published_accounting,2023,2025,0,equal_territory,15,0.0443143812709030100334448160535117056856187290969899665551839,0.0660535117056856187290969899665551839464882943143812709030100,53/1196,79/1196,declining minus nondeclining,"national frame descriptive quantity; source-identification envelope, not causal or sampling inference"
published_accounting,2023,2025,2,population_2022,15,0.0276085644675643631316703626289237360113792995380291531616162,0.0294614039335830840446616431030210522340978975262723815385791,1047760701/37950567920,1118077011/37950567920,declining minus nondeclining,"national frame descriptive quantity; source-identification envelope, not causal or sampling inference"
published_accounting,2023,2025,2,equal_territory,15,0.107441471571906354515050167224080267558528428093645484949833,0.129180602006688963210702341137123745819397993311036789297659,257/2392,309/2392,declining minus nondeclining,"national frame descriptive quantity; source-identification envelope, not causal or sampling inference"
published_accounting,2023,2025,5,population_2022,15,0.0709408451743377518053513995763916117677189930466502776622767,0.0727936846403564727183426800504889279904375910348935060392396,14807349497/208728123560,7597044601/104364061780,declining minus nondeclining,"national frame descriptive quantity; source-identification envelope, not causal or sampling inference"
published_accounting,2023,2025,5,equal_territory,15,0.105351170568561872909698996655518394648829431438127090301003,0.127090301003344481605351170568561872909698996655518394648829,63/598,38/299,declining minus nondeclining,"national frame descriptive quantity; source-identification envelope, not causal or sampling inference"
conservative_relaxation,2022,2025,0,population_2022,16,0.108400815614902053670305962910728190341537139842053115981173,0.110254772952346517956500980198476547489457988606335811272606,254506821548/2347831241899,19912276962/180602403223,declining minus nondeclining,"national frame descriptive quantity; source-identification envelope, not causal or sampling inference"
conservative_relaxation,2022,2025,0,equal_territory,16,0.0231163555469581197407873101847374020698326724054550730244705,0.0435245188122642421897669020214720959473836928136183383305929,239/10339,450/10339,declining minus nondeclining,"national frame descriptive quantity; source-identification envelope, not causal or sampling inference"
conservative_relaxation,2022,2025,2,population_2022,16,0.201858226157971740986806046530863656809460426005250126502291,0.203712183495416205273001063818612013957381274769532821793724,473929049808/2347831241899,478281828766/2347831241899,declining minus nondeclining,"national frame descriptive quantity; source-identification envelope, not causal or sampling inference"
conservative_relaxation,2022,2025,2,equal_territory,16,0.0289196247219266853660895637876003481961504981139375181352162,0.0493277879872328078150691556243350420737015185221007834413386,299/10339,510/10339,declining minus nondeclining,"national frame descriptive quantity; source-identification envelope, not causal or sampling inference"
conservative_relaxation,2022,2025,5,population_2022,16,0.139576908892712173815669810204946003879225807828227973887167,0.141430866230156638101864827492694361027146656592510669178600,327703027346/2347831241899,332055806304/2347831241899,declining minus nondeclining,"national frame descriptive quantity; source-identification envelope, not causal or sampling inference"
conservative_relaxation,2022,2025,5,equal_territory,16,0.0551310571622013734403714092271979882000193442305832285520843,0.0755392204275074958893510010639326820775703646387464938582068,570/10339,781/10339,declining minus nondeclining,"national frame descriptive quantity; source-identification envelope, not causal or sampling inference"
conservative_relaxation,2023,2025,0,population_2022,16,-0.0214961167124511361229929338969168919184135322464372278580021,-0.0196421593750066718367979166091685347704926834821545325665692,-50469254397/2347831241899,-46116475439/2347831241899,declining minus nondeclining,"national frame descriptive quantity; source-identification envelope, not causal or sampling inference"
conservative_relaxation,2023,2025,0,equal_territory,16,0.00667375955121385046909759164329238804526549956475481187735758,0.0270819228165199729180771834800270819228165199729180771834800,69/10339,40/1477,declining minus nondeclining,"national frame descriptive quantity; source-identification envelope, not causal or sampling inference"
conservative_relaxation,2023,2025,2,population_2022,16,0.00568302292170196162467280862773865144409795863677918202875447,0.00753698025914642591086782591548700859201880740106187732018741,13342778764/2347831241899,17695557722/2347831241899,declining minus nondeclining,"national frame descriptive quantity; source-identification envelope, not causal or sampling inference"
conservative_relaxation,2023,2025,2,equal_territory,16,0.0423638649772705290647064513008995067221201276719218493084438,0.0627720282425766515136860431376342005996711480800851146145662,438/10339,649/10339,declining minus nondeclining,"national frame descriptive quantity; source-identification envelope, not causal or sampling inference"
conservative_relaxation,2023,2025,5,population_2022,16,0.0511317654767075354301866504190233951912750079935197669858812,0.0529857228141519997163816677067717523391958567578024622773142,360146269319/7043493725697,373204606193/7043493725697,declining minus nondeclining,"national frame descriptive quantity; source-identification envelope, not causal or sampling inference"
conservative_relaxation,2023,2025,5,equal_territory,16,0.0372376438727149627623561272850372376438727149627623561272850,0.0576458071380210852113357191217719315214237353709256214334075,55/1477,596/10339,declining minus nondeclining,"national frame descriptive quantity; source-identification envelope, not causal or sampling inference"
published_accounting,2022,2025,0,population_2022,16,0.108400815614902053670305962910728190341537139842053115981173,0.110254772952346517956500980198476547489457988606335811272606,254506821548/2347831241899,19912276962/180602403223,declining minus nondeclining,"national frame descriptive quantity; source-identification envelope, not causal or sampling inference"
published_accounting,2022,2025,0,equal_territory,16,0.0231163555469581197407873101847374020698326724054550730244705,0.0435245188122642421897669020214720959473836928136183383305929,239/10339,450/10339,declining minus nondeclining,"national frame descriptive quantity; source-identification envelope, not causal or sampling inference"
published_accounting,2022,2025,2,population_2022,16,0.201858226157971740986806046530863656809460426005250126502291,0.203712183495416205273001063818612013957381274769532821793724,473929049808/2347831241899,478281828766/2347831241899,declining minus nondeclining,"national frame descriptive quantity; source-identification envelope, not causal or sampling inference"
published_accounting,2022,2025,2,equal_territory,16,0.0289196247219266853660895637876003481961504981139375181352162,0.0493277879872328078150691556243350420737015185221007834413386,299/10339,510/10339,declining minus nondeclining,"national frame descriptive quantity; source-identification envelope, not causal or sampling inference"
published_accounting,2022,2025,5,population_2022,16,0.139576908892712173815669810204946003879225807828227973887167,0.141430866230156638101864827492694361027146656592510669178600,327703027346/2347831241899,332055806304/2347831241899,declining minus nondeclining,"national frame descriptive quantity; source-identification envelope, not causal or sampling inference"
published_accounting,2022,2025,5,equal_territory,16,0.0551310571622013734403714092271979882000193442305832285520843,0.0755392204275074958893510010639326820775703646387464938582068,570/10339,781/10339,declining minus nondeclining,"national frame descriptive quantity; source-identification envelope, not causal or sampling inference"
published_accounting,2023,2025,0,population_2022,16,-0.0214961167124511361229929338969168919184135322464372278580021,-0.0196421593750066718367979166091685347704926834821545325665692,-50469254397/2347831241899,-46116475439/2347831241899,declining minus nondeclining,"national frame descriptive quantity; source-identification envelope, not causal or sampling inference"
published_accounting,2023,2025,0,equal_territory,16,0.00667375955121385046909759164329238804526549956475481187735758,0.0270819228165199729180771834800270819228165199729180771834800,69/10339,40/1477,declining minus nondeclining,"national frame descriptive quantity; source-identification envelope, not causal or sampling inference"
published_accounting,2023,2025,2,population_2022,16,0.00568302292170196162467280862773865144409795863677918202875447,0.00753698025914642591086782591548700859201880740106187732018741,13342778764/2347831241899,17695557722/2347831241899,declining minus nondeclining,"national frame descriptive quantity; source-identification envelope, not causal or sampling inference"
published_accounting,2023,2025,2,equal_territory,16,0.0423638649772705290647064513008995067221201276719218493084438,0.0627720282425766515136860431376342005996711480800851146145662,438/10339,649/10339,declining minus nondeclining,"national frame descriptive quantity; source-identification envelope, not causal or sampling inference"
published_accounting,2023,2025,5,population_2022,16,0.0511317654767075354301866504190233951912750079935197669858812,0.0529857228141519997163816677067717523391958567578024622773142,360146269319/7043493725697,373204606193/7043493725697,declining minus nondeclining,"national frame descriptive quantity; source-identification envelope, not causal or sampling inference"
published_accounting,2023,2025,5,equal_territory,16,0.0372376438727149627623561272850372376438727149627623561272850,0.0576458071380210852113357191217719315214237353709256214334075,55/1477,596/10339,declining minus nondeclining,"national frame descriptive quantity; source-identification envelope, not causal or sampling inference"
conservative_relaxation,2022,2025,0,population_2022,17,0.0785155574815170988338636838589517017966657971488479276664162,0.0804987632674351858434178209292531151587627604889785991054051,16728591817/213060855117,497382924791/6178764798393,declining minus nondeclining,"national frame descriptive quantity; source-identification envelope, not causal or sampling inference"
conservative_relaxation,2022,2025,0,equal_territory,17,-0.0227891156462585034013605442176870748299319727891156462585034,-0.000566893424036281179138321995464852607709750566893424036281179,-67/2940,-1/1764,declining minus nondeclining,"national frame descriptive quantity; source-identification envelope, not causal or sampling inference"
conservative_relaxation,2022,2025,2,population_2022,17,0.184938842191597375482215633519489287416445967465573162732651,0.186922047977515462491769770589790700778542930805703834171640,1142693607989/6178764798393,1154947370087/6178764798393,declining minus nondeclining,"national frame descriptive quantity; source-identification envelope, not causal or sampling inference"
conservative_relaxation,2022,2025,2,equal_territory,17,-0.0104308390022675736961451247165532879818594104308390022675737,0.0117913832199546485260770975056689342403628117913832199546485,-23/2205,26/2205,declining minus nondeclining,"national frame descriptive quantity; source-identification envelope, not causal or sampling inference"
conservative_relaxation,2022,2025,5,population_2022,17,0.134021243793156220928752951889754080570737181560491613269971,0.136004449579074307938307088960055493932834144900622284708960,75280522126/561705890763,840339505484/6178764798393,declining minus nondeclining,"national frame descriptive quantity; source-identification envelope, not causal or sampling inference"
conservative_relaxation,2022,2025,5,equal_territory,17,0.0412698412698412698412698412698412698412698412698412698412698,0.0634920634920634920634920634920634920634920634920634920634921,13/315,4/63,declining minus nondeclining,"national frame descriptive quantity; source-identification envelope, not causal or sampling inference"
conservative_relaxation,2023,2025,0,population_2022,17,-0.0511792674398684155732661233239107370103365246036895262687664,-0.0491960616539503285637119862536093236482395612635588548297775,-10904298485/213060855117,-303970893967/6178764798393,declining minus nondeclining,"national frame descriptive quantity; source-identification envelope, not causal or sampling inference"
conservative_relaxation,2023,2025,0,equal_territory,17,-0.0392290249433106575963718820861678004535147392290249433106576,-0.0170068027210884353741496598639455782312925170068027210884354,-173/4410,-5/294,declining minus nondeclining,"national frame descriptive quantity; source-identification envelope, not causal or sampling inference"
conservative_relaxation,2023,2025,2,population_2022,17,-0.00662719519047721361251635315125019478230649967695267264111800,-0.00464398940455912660296221608094878142020953633682200120212910,-40947880355/6178764798393,-28694118257/6178764798393,declining minus nondeclining,"national frame descriptive quantity; source-identification envelope, not causal or sampling inference"
conservative_relaxation,2023,2025,2,equal_territory,17,0.0226757369614512471655328798185941043083900226757369614512472,0.0448979591836734693877551020408163265306122448979591836734694,10/441,11/245,declining minus nondeclining,"national frame descriptive quantity; source-identification envelope, not causal or sampling inference"
conservative_relaxation,2023,2025,5,population_2022,17,0.0421419280487456130996172892438121263031093345662059673557882,0.0441251338346637001091714263141135396652062979063366387947771,260385061564/6178764798393,272638823662/6178764798393,declining minus nondeclining,"national frame descriptive quantity; source-identification envelope, not causal or sampling inference"
conservative_relaxation,2023,2025,5,equal_territory,17,0.0179138321995464852607709750566893424036281179138321995464853,0.0401360544217687074829931972789115646258503401360544217687075,79/4410,59/1470,declining minus nondeclining,"national frame descriptive quantity; source-identification envelope, not causal or sampling inference"
published_accounting,2022,2025,0,population_2022,17,0.0785155574815170988338636838589517017966657971488479276664162,0.0804987632674351858434178209292531151587627604889785991054051,16728591817/213060855117,497382924791/6178764798393,declining minus nondeclining,"national frame descriptive quantity; source-identification envelope, not causal or sampling inference"
published_accounting,2022,2025,0,equal_territory,17,-0.0227891156462585034013605442176870748299319727891156462585034,-0.000566893424036281179138321995464852607709750566893424036281179,-67/2940,-1/1764,declining minus nondeclining,"national frame descriptive quantity; source-identification envelope, not causal or sampling inference"
published_accounting,2022,2025,2,population_2022,17,0.184938842191597375482215633519489287416445967465573162732651,0.186922047977515462491769770589790700778542930805703834171640,1142693607989/6178764798393,1154947370087/6178764798393,declining minus nondeclining,"national frame descriptive quantity; source-identification envelope, not causal or sampling inference"
published_accounting,2022,2025,2,equal_territory,17,-0.0104308390022675736961451247165532879818594104308390022675737,0.0117913832199546485260770975056689342403628117913832199546485,-23/2205,26/2205,declining minus nondeclining,"national frame descriptive quantity; source-identification envelope, not causal or sampling inference"
published_accounting,2022,2025,5,population_2022,17,0.134021243793156220928752951889754080570737181560491613269971,0.136004449579074307938307088960055493932834144900622284708960,75280522126/561705890763,840339505484/6178764798393,declining minus nondeclining,"national frame descriptive quantity; source-identification envelope, not causal or sampling inference"
published_accounting,2022,2025,5,equal_territory,17,0.0412698412698412698412698412698412698412698412698412698412698,0.0634920634920634920634920634920634920634920634920634920634921,13/315,4/63,declining minus nondeclining,"national frame descriptive quantity; source-identification envelope, not causal or sampling inference"
published_accounting,2023,2025,0,population_2022,17,-0.0511792674398684155732661233239107370103365246036895262687664,-0.0491960616539503285637119862536093236482395612635588548297775,-10904298485/213060855117,-303970893967/6178764798393,declining minus nondeclining,"national frame descriptive quantity; source-identification envelope, not causal or sampling inference"
published_accounting,2023,2025,0,equal_territory,17,-0.0392290249433106575963718820861678004535147392290249433106576,-0.0170068027210884353741496598639455782312925170068027210884354,-173/4410,-5/294,declining minus nondeclining,"national frame descriptive quantity; source-identification envelope, not causal or sampling inference"
published_accounting,2023,2025,2,population_2022,17,-0.00662719519047721361251635315125019478230649967695267264111800,-0.00464398940455912660296221608094878142020953633682200120212910,-40947880355/6178764798393,-28694118257/6178764798393,declining minus nondeclining,"national frame descriptive quantity; source-identification envelope, not causal or sampling inference"
published_accounting,2023,2025,2,equal_territory,17,0.0226757369614512471655328798185941043083900226757369614512472,0.0448979591836734693877551020408163265306122448979591836734694,10/441,11/245,declining minus nondeclining,"national frame descriptive quantity; source-identification envelope, not causal or sampling inference"
published_accounting,2023,2025,5,population_2022,17,0.0421419280487456130996172892438121263031093345662059673557882,0.0441251338346637001091714263141135396652062979063366387947771,260385061564/6178764798393,272638823662/6178764798393,declining minus nondeclining,"national frame descriptive quantity; source-identification envelope, not causal or sampling inference"
published_accounting,2023,2025,5,equal_territory,17,0.0179138321995464852607709750566893424036281179138321995464853,0.0401360544217687074829931972789115646258503401360544217687075,79/4410,59/1470,declining minus nondeclining,"national frame descriptive quantity; source-identification envelope, not causal or sampling inference"
conservative_relaxation,2022,2025,0,population_2022,18,0.103783986022866509070731830032725059260551018702759946278643,0.105611750346841421693098852658312344296239311456461773571133,12473125603/120183528124,368090990273/3485322315596,declining minus nondeclining,"national frame descriptive quantity; source-identification envelope, not causal or sampling inference"
conservative_relaxation,2022,2025,0,equal_territory,18,0.00857142857142857142857142857142857142857142857142857142857143,0.0285714285714285714285714285714285714285714285714285714285714,3/350,1/35,declining minus nondeclining,"national frame descriptive quantity; source-identification envelope, not causal or sampling inference"
conservative_relaxation,2022,2025,2,population_2022,18,0.194259983293172427858302463195990449432849567641213021552595,0.196087747617147340480669485821577734468537860394914848845086,677058654799/3485322315596,683429002585/3485322315596,declining minus nondeclining,"national frame descriptive quantity; source-identification envelope, not causal or sampling inference"
conservative_relaxation,2022,2025,2,equal_territory,18,0.0123809523809523809523809523809523809523809523809523809523810,0.0323809523809523809523809523809523809523809523809523809523810,13/1050,17/525,declining minus nondeclining,"national frame descriptive quantity; source-identification envelope, not causal or sampling inference"
conservative_relaxation,2022,2025,5,population_2022,18,0.143954357446049635430103518929111812351349020022728079903983,0.145782121770024548052470541554699097387037312776429907196473,250863667217/1742661157798,127024420555/871330578899,declining minus nondeclining,"national frame descriptive quantity; source-identification envelope, not causal or sampling inference"
conservative_relaxation,2022,2025,5,equal_territory,18,0.0609523809523809523809523809523809523809523809523809523809524,0.0809523809523809523809523809523809523809523809523809523809524,32/525,17/210,declining minus nondeclining,"national frame descriptive quantity; source-identification envelope, not causal or sampling inference"
conservative_relaxation,2023,2025,0,population_2022,18,-0.0322582764087269407278330134371551011033123229931249143297949,-0.0304305120847520281054659908115678160676240302394230870373043,-1938456735/60091764062,-26515035711/871330578899,declining minus nondeclining,"national frame descriptive quantity; source-identification envelope, not causal or sampling inference"
conservative_relaxation,2023,2025,0,equal_territory,18,-0.0104761904761904761904761904761904761904761904761904761904762,0.00952380952380952380952380952380952380952380952380952380952381,-11/1050,1/105,declining minus nondeclining,"national frame descriptive quantity; source-identification envelope, not causal or sampling inference"
conservative_relaxation,2023,2025,2,population_2022,18,0.00723524285778653882022937751257685073023273515086115926414305,0.00906300718176145144259640013816413576592102790456298655663370,813456561/112429752116,31587501177/3485322315596,declining minus nondeclining,"national frame descriptive quantity; source-identification envelope, not causal or sampling inference"
conservative_relaxation,2023,2025,2,equal_territory,18,0.0428571428571428571428571428571428571428571428571428571428571,0.0628571428571428571428571428571428571428571428571428571428571,3/70,11/175,declining minus nondeclining,"national frame descriptive quantity; source-identification envelope, not causal or sampling inference"
conservative_relaxation,2023,2025,5,population_2022,18,0.0511672723394892979031881527576022365542594206279775261777261,0.0529950366634642105255551753831895215899477133816793534702167,4349620393/85007861356,184704783899/3485322315596,declining minus nondeclining,"national frame descriptive quantity; source-identification envelope, not causal or sampling inference"
conservative_relaxation,2023,2025,5,equal_territory,18,0.0409523809523809523809523809523809523809523809523809523809524,0.0609523809523809523809523809523809523809523809523809523809524,43/1050,32/525,declining minus nondeclining,"national frame descriptive quantity; source-identification envelope, not causal or sampling inference"
published_accounting,2022,2025,0,population_2022,18,0.103783986022866509070731830032725059260551018702759946278643,0.105611750346841421693098852658312344296239311456461773571133,12473125603/120183528124,368090990273/3485322315596,declining minus nondeclining,"national frame descriptive quantity; source-identification envelope, not causal or sampling inference"
published_accounting,2022,2025,0,equal_territory,18,0.00857142857142857142857142857142857142857142857142857142857143,0.0285714285714285714285714285714285714285714285714285714285714,3/350,1/35,declining minus nondeclining,"national frame descriptive quantity; source-identification envelope, not causal or sampling inference"
published_accounting,2022,2025,2,population_2022,18,0.194259983293172427858302463195990449432849567641213021552595,0.196087747617147340480669485821577734468537860394914848845086,677058654799/3485322315596,683429002585/3485322315596,declining minus nondeclining,"national frame descriptive quantity; source-identification envelope, not causal or sampling inference"
published_accounting,2022,2025,2,equal_territory,18,0.0123809523809523809523809523809523809523809523809523809523810,0.0323809523809523809523809523809523809523809523809523809523810,13/1050,17/525,declining minus nondeclining,"national frame descriptive quantity; source-identification envelope, not causal or sampling inference"
published_accounting,2022,2025,5,population_2022,18,0.143954357446049635430103518929111812351349020022728079903983,0.145782121770024548052470541554699097387037312776429907196473,250863667217/1742661157798,127024420555/871330578899,declining minus nondeclining,"national frame descriptive quantity; source-identification envelope, not causal or sampling inference"
published_accounting,2022,2025,5,equal_territory,18,0.0609523809523809523809523809523809523809523809523809523809524,0.0809523809523809523809523809523809523809523809523809523809524,32/525,17/210,declining minus nondeclining,"national frame descriptive quantity; source-identification envelope, not causal or sampling inference"
published_accounting,2023,2025,0,population_2022,18,-0.0322582764087269407278330134371551011033123229931249143297949,-0.0304305120847520281054659908115678160676240302394230870373043,-1938456735/60091764062,-26515035711/871330578899,declining minus nondeclining,"national frame descriptive quantity; source-identification envelope, not causal or sampling inference"
published_accounting,2023,2025,0,equal_territory,18,-0.0104761904761904761904761904761904761904761904761904761904762,0.00952380952380952380952380952380952380952380952380952380952381,-11/1050,1/105,declining minus nondeclining,"national frame descriptive quantity; source-identification envelope, not causal or sampling inference"
published_accounting,2023,2025,2,population_2022,18,0.00723524285778653882022937751257685073023273515086115926414305,0.00906300718176145144259640013816413576592102790456298655663370,813456561/112429752116,31587501177/3485322315596,declining minus nondeclining,"national frame descriptive quantity; source-identification envelope, not causal or sampling inference"
published_accounting,2023,2025,2,equal_territory,18,0.0428571428571428571428571428571428571428571428571428571428571,0.0628571428571428571428571428571428571428571428571428571428571,3/70,11/175,declining minus nondeclining,"national frame descriptive quantity; source-identification envelope, not causal or sampling inference"
published_accounting,2023,2025,5,population_2022,18,0.0511672723394892979031881527576022365542594206279775261777261,0.0529950366634642105255551753831895215899477133816793534702167,4349620393/85007861356,184704783899/3485322315596,declining minus nondeclining,"national frame descriptive quantity; source-identification envelope, not causal or sampling inference"
published_accounting,2023,2025,5,equal_territory,18,0.0409523809523809523809523809523809523809523809523809523809524,0.0609523809523809523809523809523809523809523809523809523809524,43/1050,32/525,declining minus nondeclining,"national frame descriptive quantity; source-identification envelope, not causal or sampling inference"
conservative_relaxation,2022,2025,0,population_2022,19,0.112206897811992365273819320707327965341234925375793355491826,0.114079785600691460679291368204584205883121374830184095847572,754569248871/6724802695600,767164049721/6724802695600,declining minus nondeclining,"national frame descriptive quantity; source-identification envelope, not causal or sampling inference"
conservative_relaxation,2022,2025,0,equal_territory,19,0.0596760443307757885763000852514919011082693947144075021312873,0.0814151747655583972719522591645353793691389599317988064791134,70/1173,191/2346,declining minus nondeclining,"national frame descriptive quantity; source-identification envelope, not causal or sampling inference"
conservative_relaxation,2022,2025,2,population_2022,19,0.208984127570394022312317608689723711631686135740371832359875,0.210857015359093117717789656186979952173572585194762572715621,1405377024423/6724802695600,1417971825273/6724802695600,declining minus nondeclining,"national frame descriptive quantity; source-identification envelope, not causal or sampling inference"
conservative_relaxation,2022,2025,2,equal_territory,19,0.0731031543052003410059676044330775788576300085251491901108269,0.0948422847399829497016197783461210571184995737425404944586530,343/4692,445/4692,declining minus nondeclining,"national frame descriptive quantity; source-identification envelope, not causal or sampling inference"
conservative_relaxation,2022,2025,5,population_2022,19,0.155960859755815257290089288727592390242379381192323943904886,0.157833747544514352695561336224848630784265830646714684260632,524403005047/3362401347800,66337550684/420300168475,declining minus nondeclining,"national frame descriptive quantity; source-identification envelope, not causal or sampling inference"
conservative_relaxation,2022,2025,5,equal_territory,19,0.103367433930093776641091219096334185848252344416027280477408,0.125106564364876385336743393009377664109121909633418584825234,485/4692,587/4692,declining minus nondeclining,"national frame descriptive quantity; source-identification envelope, not causal or sampling inference"
conservative_relaxation,2023,2025,0,population_2022,19,-0.0374296427227062628885614081599256727492797610399530306778805,-0.0355567549340071674830893606626694322073933115855622903221345,-251706962277/6724802695600,-239112161427/6724802695600,declining minus nondeclining,"national frame descriptive quantity; source-identification envelope, not causal or sampling inference"
conservative_relaxation,2023,2025,0,equal_territory,19,-0.0123614663256606990622335890878090366581415174765558397271952,0.00937766410912190963341858482523444160272804774083546462063086,-29/2346,11/1173,declining minus nondeclining,"national frame descriptive quantity; source-identification envelope, not causal or sampling inference"
conservative_relaxation,2023,2025,2,population_2022,19,0.0120070828853954577278140835272954502472020452120757385094931,0.0138799706740945531332861310245516907890884946664664788652391,40372631677/3362401347800,23335016051/1681200673900,declining minus nondeclining,"national frame descriptive quantity; source-identification envelope, not causal or sampling inference"
conservative_relaxation,2023,2025,2,equal_territory,19,0.0592497868712702472293265132139812446717817561807331628303495,0.0809889173060528559249786871270247229326513213981244671781756,139/2346,95/1173,declining minus nondeclining,"national frame descriptive quantity; source-identification envelope, not causal or sampling inference"
conservative_relaxation,2023,2025,5,population_2022,19,0.0618486897309469368991549034377293441078961489940430602631345,0.0637215775196460323046269509349855846497825984484338006188804,207960117711/3362401347800,26782189767/420300168475,declining minus nondeclining,"national frame descriptive quantity; source-identification envelope, not causal or sampling inference"
conservative_relaxation,2023,2025,5,equal_territory,19,0.0656436487638533674339300937766410912190963341858482523444160,0.0873827791986359761295822676896845694799658994032395566922421,77/1173,205/2346,declining minus nondeclining,"national frame descriptive quantity; source-identification envelope, not causal or sampling inference"
published_accounting,2022,2025,0,population_2022,19,0.112206897811992365273819320707327965341234925375793355491826,0.114079785600691460679291368204584205883121374830184095847572,754569248871/6724802695600,767164049721/6724802695600,declining minus nondeclining,"national frame descriptive quantity; source-identification envelope, not causal or sampling inference"
published_accounting,2022,2025,0,equal_territory,19,0.0596760443307757885763000852514919011082693947144075021312873,0.0814151747655583972719522591645353793691389599317988064791134,70/1173,191/2346,declining minus nondeclining,"national frame descriptive quantity; source-identification envelope, not causal or sampling inference"
published_accounting,2022,2025,2,population_2022,19,0.208984127570394022312317608689723711631686135740371832359875,0.210857015359093117717789656186979952173572585194762572715621,1405377024423/6724802695600,1417971825273/6724802695600,declining minus nondeclining,"national frame descriptive quantity; source-identification envelope, not causal or sampling inference"
published_accounting,2022,2025,2,equal_territory,19,0.0731031543052003410059676044330775788576300085251491901108269,0.0948422847399829497016197783461210571184995737425404944586530,343/4692,445/4692,declining minus nondeclining,"national frame descriptive quantity; source-identification envelope, not causal or sampling inference"
published_accounting,2022,2025,5,population_2022,19,0.155960859755815257290089288727592390242379381192323943904886,0.157833747544514352695561336224848630784265830646714684260632,524403005047/3362401347800,66337550684/420300168475,declining minus nondeclining,"national frame descriptive quantity; source-identification envelope, not causal or sampling inference"
published_accounting,2022,2025,5,equal_territory,19,0.103367433930093776641091219096334185848252344416027280477408,0.125106564364876385336743393009377664109121909633418584825234,485/4692,587/4692,declining minus nondeclining,"national frame descriptive quantity; source-identification envelope, not causal or sampling inference"
published_accounting,2023,2025,0,population_2022,19,-0.0374296427227062628885614081599256727492797610399530306778805,-0.0355567549340071674830893606626694322073933115855622903221345,-251706962277/6724802695600,-239112161427/6724802695600,declining minus nondeclining,"national frame descriptive quantity; source-identification envelope, not causal or sampling inference"
published_accounting,2023,2025,0,equal_territory,19,-0.0123614663256606990622335890878090366581415174765558397271952,0.00937766410912190963341858482523444160272804774083546462063086,-29/2346,11/1173,declining minus nondeclining,"national frame descriptive quantity; source-identification envelope, not causal or sampling inference"
published_accounting,2023,2025,2,population_2022,19,0.0120070828853954577278140835272954502472020452120757385094931,0.0138799706740945531332861310245516907890884946664664788652391,40372631677/3362401347800,23335016051/1681200673900,declining minus nondeclining,"national frame descriptive quantity; source-identification envelope, not causal or sampling inference"
published_accounting,2023,2025,2,equal_territory,19,0.0592497868712702472293265132139812446717817561807331628303495,0.0809889173060528559249786871270247229326513213981244671781756,139/2346,95/1173,declining minus nondeclining,"national frame descriptive quantity; source-identification envelope, not causal or sampling inference"
published_accounting,2023,2025,5,population_2022,19,0.0618486897309469368991549034377293441078961489940430602631345,0.0637215775196460323046269509349855846497825984484338006188804,207960117711/3362401347800,26782189767/420300168475,declining minus nondeclining,"national frame descriptive quantity; source-identification envelope, not causal or sampling inference"
published_accounting,2023,2025,5,equal_territory,19,0.0656436487638533674339300937766410912190963341858482523444160,0.0873827791986359761295822676896845694799658994032395566922421,77/1173,205/2346,declining minus nondeclining,"national frame descriptive quantity; source-identification envelope, not causal or sampling inference"
